#include "framedata_LUT.h"


static const uint32_t image_data_Image[8192] = {
		 0xa42c8348, 0xa44ca44c, 0xa44ca44c, 0xa42ca44c, 0x8b48a42c, 0xa44ca42c, 0xa42ca42c, 0x7aa78b28, 0x6a666a66, 0x6a666a66, 0x72c77ac7, 0x7ac77266, 0x8b288b08, 0x7ac78b28, 0x6a666a65, 0x6a666a66,
		    0x6a466a46, 0x62056a66, 0x5a056205, 0x51c45a05, 0x51c45a05, 0x51c451c4, 0x51c451c4, 0x5a0551c4, 0x5a055a05, 0x5a0551c4, 0x51c45a05, 0x51c451c4, 0x5a055a05, 0x6a466205, 0x7ac76a66, 0x7ac77ac7,
		    0x62046a66, 0x62056205, 0x62056205, 0x62056205, 0x51c46205, 0x5a055a05, 0x62056a46, 0x62056205, 0x62056205, 0x6a466205, 0x6a6572a7, 0x62056a46, 0x5a056205, 0x49a45a05, 0x41a441a4, 0x41a441a4,
		    0x41a441a4, 0x41a441a4, 0x41a441a4, 0x41a441a4, 0x41a441a4, 0x41a441a4, 0x41a441a4, 0x41a441a4, 0x41a441a4, 0x41a441a4, 0x39634184, 0x39633963, 0x41843963, 0x41844184, 0x418441a4, 0x41a441a4,
		    0x8b487ac6, 0xa44ca44c, 0xa44ca44c, 0x7ac68348, 0x8b488b48, 0xa42c8b48, 0x83288348, 0x7ac78b28, 0x6a666a66, 0x6a666a66, 0x72a76a66, 0x7aa76a66, 0x7ac68308, 0x7aa77ac6, 0x6a6672a7, 0x6a666a66,
		    0x6a466a46, 0x6a466a66, 0x62055a05, 0x51c45a05, 0x5a055a05, 0x51c451c4, 0x51c451c4, 0x51c451c4, 0x5a055a05, 0x51c45a05, 0x5a055a05, 0x51c451c4, 0x5a0551c4, 0x6a466205, 0x6a666a66, 0x7ac77ac7,
		    0x6a6672a7, 0x62056205, 0x62056205, 0x62056205, 0x5a055a05, 0x5a0551e4, 0x6a466205, 0x62056205, 0x62056205, 0x6a466205, 0x72a76a66, 0x6a666a46, 0x5a056205, 0x5a055a05, 0x41a441a4, 0x41a441a4,
		    0x41a441a4, 0x41a441a4, 0x41a441a4, 0x41a441a4, 0x41a441a4, 0x41a441a4, 0x41a441a4, 0x41a441a4, 0x418441a4, 0x39634184, 0x39633963, 0x41843964, 0x41844184, 0x41a441a4, 0x41a441a4, 0x41a441a4,
		    0x7ac68b28, 0xa42c8b48, 0xa42ca42c, 0x8b288b48, 0x8b287ac6, 0xa42c8b28, 0x7ac78b48, 0x8b287ac7, 0x6a667aa7, 0x6a666a66, 0x72a76a66, 0x6a657aa7, 0x8b287aa6, 0x7ac77ac7, 0x6a667ac7, 0x6a666a66,
		    0x6a666a66, 0x6a666a66, 0x62056205, 0x5a056205, 0x5a0551c4, 0x51c451c4, 0x51c451c4, 0x51c451c4, 0x5a055a05, 0x51c45a05, 0x5a056205, 0x51c451c4, 0x5a0551c4, 0x62056205, 0x6a666a46, 0x7aa77ac7,
		    0x6a667aa7, 0x62056205, 0x62056205, 0x5a056205, 0x838b5a25, 0x5a25c593, 0x6a465a05, 0x62056205, 0x62056205, 0x62056205, 0x72a76a66, 0x6a466a46, 0x5a055a05, 0x5a055a05, 0x41a441a4, 0x41a441a4,
		    0x41a441a4, 0x41a441a4, 0x41a441a4, 0x41a441a4, 0x41a441a4, 0x41a441a4, 0x41a441a4, 0x398441a4, 0x39633984, 0x39633963, 0x398441a4, 0x41a44184, 0x41a541a5, 0x41c541c5, 0x41a441c5, 0x41a441a4,
		    0x7ac68b28, 0xa42c8b28, 0x93898b89, 0x8b28a42c, 0x7ac68b28, 0x8b488b28, 0x7ac7a42c, 0x8b287ac7, 0x6a667aa7, 0x6a666a66, 0x6a666a66, 0x726672a7, 0x8b287aa6, 0x7ac77ac7, 0x72a77ac7, 0x6a666a66,
		    0x6a666a66, 0x6a666a46, 0x62056a46, 0x62056205, 0x5a0551c4, 0x51c45a05, 0x51c451c4, 0x51c451c4, 0x5a0551c4, 0x5a055a05, 0x5a0551c4, 0x51c45a05, 0x51c451c4, 0x62055a05, 0x6a666a46, 0x7ac76a66,
		    0x72a77ac7, 0x62056a46, 0x62056205, 0x5a056205, 0xa46f838b, 0xbd73c593, 0x5a055a25, 0x62056a46, 0x62056205, 0x62056205, 0x6a466a46, 0x6a4672a7, 0x62056a46, 0x5a055a05, 0x41835205, 0x39633963,
		    0x39633963, 0x41844184, 0x41844184, 0x41a44184, 0x41a44184, 0x41a441a4, 0x41a441a4, 0x39634184, 0x39843963, 0x418441a4, 0x41a441a4, 0x41c541c5, 0x41a541c5, 0x41c541c5, 0x41a441a4, 0x41a441a4,
		    0x8b288b28, 0xac2c7ac6, 0x93698b48, 0x9369a42c, 0x7ac68b28, 0x8b488b28, 0x8b28a42c, 0x7ac77ac6, 0x7aa78b28, 0x6a666a66, 0x6a666a66, 0x7ac772a7, 0x7ac76a65, 0x7ac78b28, 0x7aa77ac7, 0x6a666a66,
		    0x6a666a66, 0x6a666a66, 0x62056a46, 0x62056205, 0x51c45a05, 0x51c45a05, 0x51c451c4, 0x51c451e4, 0x5a0551c4, 0x5a055a05, 0x5a0551c4, 0x51c45a05, 0x51c451c4, 0x5a055a05, 0x6a666205, 0x72a76a66,
		    0x7ac77ac7, 0x62056a66, 0x62056205, 0x5a056205, 0x9c6f838b, 0x5a67bd73, 0x5a05c573, 0x5a056246, 0x62056205, 0x5a056205, 0x6a466205, 0x6a6672c7, 0x62256a66, 0x62256205, 0x49a45a05, 0x398441a4,
		    0x39633963, 0x39633963, 0x39633963, 0x41a44184, 0x41a44184, 0x39844184, 0x398339a4, 0x39633963, 0x41843984, 0x418441a4, 0x41c541a4, 0x41c541c5, 0x41c541c5, 0x41c541c5, 0x41a441a4, 0x41a441a4,
		    0x8b28ac2c, 0x8b287ac7, 0x8b48ac2c, 0xac2c9389, 0x8b288b48, 0x8b287ac6, 0xa42c8b48, 0x7ac68b28, 0x7aa78b28, 0x6a666a66, 0x6a666a66, 0x7ac76a66, 0x7aa76a65, 0x8b287ac7, 0x7ac77ac7, 0x6a6672a7,
		    0x6a666a66, 0x6a666a66, 0x6a466a66, 0x62056205, 0x51c45a05, 0x5a055a05, 0x51c451c4, 0x51c451c4, 0x51c451c4, 0x5a055a05, 0x51c45a05, 0x5a055a05, 0x51c451c4, 0x5a0551c4, 0x6a466205, 0x6a666a66,
		    0x7ac77ac7, 0x6a6672a7, 0x62056205, 0x5a055a05, 0x9c6f9c6f, 0x41c59c4f, 0x52059c6f, 0x6a465a05, 0x5a056205, 0x62055a05, 0x6a666205, 0x72c76a46, 0x6a666a66, 0x5a056205, 0x5a055a05, 0x41a441a4,
		    0x39844184, 0x41844184, 0x39633984, 0x39633963, 0x39843963, 0x39633964, 0x31633963, 0x41843963, 0x41a44184, 0x41a441a4, 0x41c541c5, 0x41c541c5, 0x41c541c5, 0x41c541c5, 0x41a44184, 0x41a441a4,
		    0x9369ac2c, 0x7ac78b28, 0x8b48a42c, 0xac2c9369, 0x8b289369, 0x8b287ac6, 0x8b488b28, 0x7ac6a42c, 0x83287ac7, 0x6a667ac7, 0x6a666a66, 0x72a76a66, 0x6a6572a7, 0x8b287aa7, 0x7ac77ac7, 0x6a667ac7,
		    0x6a666a66, 0x6a666a66, 0x6a666a66, 0x62056205, 0x5a056205, 0x5a0551c4, 0x51c451c4, 0x51c451c4, 0x51c451c4, 0x5a055a05, 0x51c45a05, 0x5a055a05, 0x51c451c4, 0x5a0551c4, 0x5a255a05, 0x6a666a66,
		    0x7ac77ac7, 0x6a667aa7, 0x5a056225, 0x5a055a05, 0x7b8b9c6e, 0x52475a47, 0x5205838b, 0x62055a05, 0x5a056246, 0x62056205, 0x62056205, 0x6a666a66, 0x6a6672a7, 0x62056205, 0x5a055a05, 0x41a449a4,
		    0x41c541c5, 0x41c541c5, 0x41a441a4, 0x39633984, 0x39633963, 0x39633963, 0x41843963, 0x41844184, 0x41a441a4, 0x41c541a4, 0x41c541a4, 0x41c541c5, 0x41c541c5, 0x41a441c5, 0x41a441a4, 0x41a441a4,
		    0x93699369, 0x8b288b28, 0xac2c7ac6, 0x93898b48, 0x9389ac2c, 0x7ac68b28, 0x8b488b28, 0x8328a42c, 0x7ac77ac7, 0x7aa78b28, 0x6a666a66, 0x6a666a66, 0x6a6672a7, 0x7ac77aa7, 0x7ac78b28, 0x7aa77ac7,
		    0x6a666a66, 0x6a666a66, 0x6a666a66, 0x62056a46, 0x62056205, 0x51c45a05, 0x51c45a05, 0x51c451c4, 0x51c451c4, 0x5a0551c4, 0x5a055a05, 0x5a0551c4, 0x51c45a05, 0x51c451c4, 0x5a055a05, 0x6a666a66,
		    0x7aa76a66, 0x6a667aa7, 0x5a056a66, 0x49a45a05, 0x7b8b838b, 0x41c55247, 0x51c4a46f, 0x5a0559e5, 0x62056a46, 0x62056205, 0x5a056205, 0x6a666a46, 0x6a6672a7, 0x62056a46, 0x5a056205, 0x49a45a05,
		    0x41c541c5, 0x41a541c5, 0x41a541c5, 0x418441a4, 0x41844184, 0x39633964, 0x41a43984, 0x41a441a4, 0x41a441a4, 0x41c53984, 0x41c541c5, 0x41c541c5, 0x41c541c5, 0x41a441a4, 0x41a44184, 0x41a441a4,
		    0x93699389, 0x8b489369, 0x8b487ac6, 0x8b48a42c, 0xac2c9389, 0x8b288b28, 0x8b287ac6, 0xa42c8b48, 0x7ac67ac7, 0x7ac78b28, 0x6a666a66, 0x6a466a66, 0x72a76a46, 0x7aa76a65, 0x7ac78b28, 0x7aa77ac7,
		    0x6a6672a7, 0x6a666a66, 0x6a666a66, 0x62056a46, 0x62056205, 0x59e45a05, 0x5a055a05, 0x51c451c4, 0x51c451c4, 0x5a0551c4, 0x5a055a05, 0x5a0551c4, 0x51c45a05, 0x51c451c4, 0x5a055a05, 0x6a666205,
		    0x7aa76a66, 0x7aa77ac7, 0x5a056a66, 0x5a675a05, 0x7b6b5a47, 0x5a675247, 0x5a05c573, 0x5a0551c4, 0x6a466205, 0x62056205, 0x62056205, 0x6a466205, 0x72a76a66, 0x62056a46, 0x5a056205, 0x49c45a05,
		    0x41c549c5, 0x41a541c5, 0x41c541c5, 0x41c541c5, 0x41a441c5, 0x39634184, 0x41a43984, 0x41a441a4, 0x41a441a4, 0x41a441a4, 0x41c541c5, 0x41a441c5, 0x418441a4, 0x41a44184, 0x41a441a4, 0x41a441a4,
		    0x9369ac2b, 0x8b289369, 0x7ac78b28, 0x8328a42c, 0xac2b9369, 0x8b289369, 0x8b287ac6, 0xac2c8b28, 0x7ac78b28, 0x8b287ac7, 0x6a667ac7, 0x6a466a46, 0x72a76a45, 0x6a6572a7, 0x8b287ac7, 0x7ac77ac7,
		    0x6a667aa7, 0x6a666a66, 0x6a666a66, 0x6a666a46, 0x62056205, 0x5a055a05, 0x5a0551c4, 0x51c451c4, 0x51c451c4, 0x51c451c4, 0x62055a05, 0x51c45a05, 0x5a055a05, 0x51c451c4, 0x5a0551c4, 0x6a466205,
		    0x6a666a66, 0x7ac77aa7, 0x62466a65, 0x5a475a05, 0x5a6741c4, 0x7b8b5247, 0x5a05a46f, 0x5a0551c4, 0x6a466205, 0x62056205, 0x5a056205, 0x62056205, 0x72a76a66, 0x6a666a66, 0x5a056205, 0x5a065a05,
		    0x41a549a5, 0x41c541c5, 0x41c541a5, 0x41c541c5, 0x41a441a4, 0x396341a4, 0x41a441a4, 0x41a441a4, 0x41a441a4, 0x41a441a4, 0x41a441a4, 0x41a441a4, 0x41a441a4, 0x39844184, 0x41844184, 0x41844184,
		    0x8b28a42b, 0x8b289369, 0x7ac68b28, 0xa42c8b48, 0x93698b48, 0x8b48ac2c, 0x7ac68b28, 0x8b288b28, 0x8328ac2c, 0x7aa77aa6, 0x6a458328, 0x6a466a46, 0x6a466a46, 0x6a6572a7, 0x83287ac7, 0x7ac77ac7,
		    0x7aa77ac7, 0x6a666a66, 0x6a666a66, 0x6a666a66, 0x62056205, 0x5a056205, 0x5a0551c4, 0x51c45a05, 0x51c451c4, 0x51c451c4, 0x62055a05, 0x51c45a05, 0x5a055a05, 0x51c45a05, 0x5a0551c4, 0x62055a05,
		    0x6a666a66, 0x72a76a66, 0x626672a7, 0x5205836b, 0xbd938bec, 0x9c6f41a4, 0xcdb35205, 0x51c45a05, 0x62056205, 0x62056a46, 0x62056205, 0x62056205, 0x6a666a46, 0x6a6672a7, 0x62056205, 0x5a055a05,
		    0x41a449c4, 0x41a441a4, 0x41a441a4, 0x41a441a4, 0x41a44184, 0x39634184, 0x41a44184, 0x418441a4, 0x41844184, 0x41844184, 0x418441a4, 0x39844184, 0x39643984, 0x39633963, 0x39633963, 0x39633963,
		    0xac2c9389, 0x8b289369, 0x8b288b28, 0xa40c7ac6, 0x8b698b28, 0x8b69a42b, 0x8b288b28, 0x8b287aa6, 0xa40c8b28, 0x7aa772a6, 0x7aa78328, 0x6a666a66, 0x6a666a66, 0x72a672a7, 0x7ac76a65, 0x7ac78b29,
		    0x7aa77ac7, 0x6a666a46, 0x6a666a66, 0x6a666a66, 0x62056a46, 0x62056205, 0x51c45a05, 0x51c45a05, 0x51c451c4, 0x51c451c4, 0x5a0551c4, 0x5a055a05, 0x5a0551c4, 0x51c45a05, 0x51c451c4, 0x62055a05,
		    0x6a666a66, 0x72a76a66, 0x62666a66, 0x6aa8836b, 0x62c88bec, 0x7b6b41a4, 0xcd925a25, 0x51c45a05, 0x62055a05, 0x6a466205, 0x62056205, 0x62056205, 0x6a466205, 0x6a6672a7, 0x62056a66, 0x5a056205,
		    0x41a45a05, 0x41844184, 0x41844184, 0x41844184, 0x418441a4, 0x39633963, 0x41843984, 0x418441a4, 0x39633963, 0x39633963, 0x39633963, 0x39633963, 0x39633963, 0x39633963, 0x41843984, 0x41a44184,
		    0xa42c9389, 0x93698b48, 0x8b288b48, 0x8b287ac6, 0x8b48ac2c, 0xac2b9369, 0x8b288b28, 0x8b287aa6, 0xac2c8b48, 0x7ac78b48, 0x8b297ac7, 0x6a667aa7, 0x6a666a66, 0x72a76a66, 0x72a76a46, 0x8b287aa7,
		    0x7ac77ac7, 0x6a6672a7, 0x6a466a66, 0x6a466a66, 0x6a466a66, 0x62056205, 0x51c45a05, 0x5a055a05, 0x51c451c4, 0x51c451c4, 0x5a0551c4, 0x5a055a05, 0x51c45a05, 0x5a055a05, 0x51c451c4, 0x5a0551c4,
		    0x6a466205, 0x6a666a66, 0xa46e72a7, 0x6ac86266, 0x4a05bd92, 0x5a4741a4, 0x93ec5205, 0x5a055a05, 0x5a0551c4, 0x6a466205, 0x62056205, 0x62056205, 0x6a466205, 0x72a76a66, 0x5a256a46, 0x5a056205,
		    0x5a055a05, 0x39844183, 0x39843984, 0x39633984, 0x39633963, 0x39633163, 0x39633963, 0x39633963, 0x39833963, 0x41843963, 0x41844184, 0x39844184, 0x41844184, 0x41844184, 0x41844184, 0x41844184,
		    0x8b489369, 0x8b48ac2c, 0x8b289369, 0x7ac68b28, 0x8b48a42c, 0x93899369, 0x8b28ac2c, 0x7ac68b28, 0x8b488b28, 0x7ac7ac2c, 0x8b287aa6, 0x6a667ac7, 0x6a666a66, 0x72a76a66, 0x6a4572a7, 0x8b287aa7,
		    0x7aa77ac7, 0x6a667aa7, 0x6a666a66, 0x6a666a46, 0x6a466a66, 0x5a055a05, 0x5a055a05, 0x5a0551c4, 0x51c451c4, 0x49a451c4, 0x51c451c4, 0x5a055a05, 0x51c45a05, 0x5a055a05, 0x51c451c4, 0x5a0551c4,
		    0x62465a05, 0x62466a46, 0x624672a7, 0x8bec6ac8, 0x8bec8bec, 0x4a0562a8, 0x5205c593, 0x5a055a05, 0x5a0551c4, 0x62055a05, 0x62056a46, 0x5a056205, 0x62055a05, 0x6a466a46, 0x62456a46, 0x5a055a05,
		    0x5a055a05, 0x39843963, 0x41843984, 0x39844184, 0x39843984, 0x31633963, 0x39a43984, 0x418441a4, 0x41a441a4, 0x41a441a4, 0x41a441a4, 0x41a441a4, 0x41a441a4, 0x41a441a4, 0x41a441a4, 0x41a441a4,
		    0x8b288b48, 0x8b48a42c, 0x8b289369, 0x8b288b28, 0xa42c7ac7, 0x93698b48, 0x8b69ac2c, 0x8b288b28, 0x8b287ac6, 0x8b48ac2c, 0x7ac77ac7, 0x7aa78b28, 0x6a666a66, 0x6a666a66, 0x6a6572a7, 0x7ac77aa7,
		    0x7aa68308, 0x72a77aa7, 0x62466245, 0x6a466a46, 0x6a466a46, 0x5a056246, 0x5a055a05, 0x51c45a05, 0x51c45a05, 0x51c451c4, 0x51c449a4, 0x5a055a05, 0x5a055a05, 0x5a0551c4, 0x51c45a05, 0x51c451c4,
		    0x62055a05, 0x6a666a46, 0x5205c592, 0x62c862a8, 0x62c78bec, 0x62c849e5, 0x5a258bcc, 0x5a055a05, 0x51c45a05, 0x5a055a05, 0x5a056246, 0x5a055a05, 0x62055a05, 0x6a666a46, 0x6a466a66, 0x62056205,
		    0x5a055a05, 0x41a45205, 0x39a441a4, 0x41a441a4, 0x398441a4, 0x39643963, 0x41a439a4, 0x41a441a4, 0x41a441a4, 0x41a441a4, 0x41a441a4, 0x41a441a4, 0x41a441a4, 0x41a441a4, 0x41c541c5, 0x41c541c5,
		    0x8b288b28, 0xac2c8b28, 0x93698b48, 0x8b288b28, 0x8b287ac6, 0x8b48ac2c, 0xa40b9389, 0x8b288b28, 0x8b287ac6, 0xa42c8b48, 0x7aa68b28, 0x7aa77ac7, 0x6a666a66, 0x6a666a66, 0x7ac772a7, 0x7ac76a65,
		    0x7ac68b28, 0x7aa77ac6, 0x62456a65, 0x6a466a46, 0x6a466a46, 0x62056a46, 0x62056205, 0x51c45a05, 0x51c45a05, 0x51c451c4, 0x51c449a4, 0x5a0551c4, 0x5a056205, 0x5a0551c4, 0x51c45a05, 0x51c451c4,
		    0x5a055a05, 0x62665a05, 0xc5b393ec, 0x4a0562c8, 0x4a05c593, 0x62a849e5, 0xc59362c8, 0x5a055a05, 0x51c45a05, 0x5a055a05, 0x6a466205, 0x62056205, 0x62056205, 0x6a466205, 0x6a666a66, 0x62056a46,
		    0x5a056205, 0x41845a05, 0x39a441a4, 0x41a441a4, 0x418441a4, 0x39643963, 0x39a441a4, 0x41a441a4, 0x41a441a4, 0x41a441a4, 0x41a441a4, 0x41a441a4, 0x418441a4, 0x41c541a4, 0x41a541c5, 0x41c541c5,
		    0x8b287ac7, 0x8b488b28, 0x9369ac2c, 0x8b288b28, 0x7ac68b28, 0x8b48a42c, 0xac2c9369, 0x8b289349, 0x7ac68b28, 0xa42c8b28, 0x7ac78b28, 0x7ac77ac7, 0x6a6672a7, 0x6a666a46, 0x7ac76a66, 0x7aa76a66,
		    0x8b287ac7, 0x7ac77ac7, 0x6a6672a7, 0x6a466a46, 0x6a666a46, 0x6a666a66, 0x62056205, 0x5a056205, 0x5a0551c4, 0x51c451e4, 0x49a449c4, 0x51c451c4, 0x5a055a05, 0x51c45a05, 0x5a055a05, 0x51c451c4,
		    0x5a0551c4, 0x5a255a05, 0x8bec6ac7, 0xc5b38bec, 0x62c78bec, 0x49e562a8, 0xbd7362c8, 0x5a055a05, 0x5a055a05, 0x5a0551c4, 0x6a466205, 0x62056205, 0x62056205, 0x62056205, 0x6a666a66, 0x5a056266,
		    0x62056205, 0x5a055a05, 0x41a441a4, 0x41a441a4, 0x41a441a4, 0x39843964, 0x41a43984, 0x41a441a4, 0x41a441a4, 0x41a441a4, 0x41a441a4, 0x41a441a4, 0x41a441a4, 0x41c541c5, 0x41c541c5, 0x41c541c5,
		    0x8b287ac7, 0x8b288b28, 0x8b48ac2c, 0x8b289369, 0x7ac68b28, 0xa42c8b48, 0x93698b48, 0x8b28ac0c, 0x7ac68b28, 0x8b488b28, 0x8b48a42c, 0x7ac77ac7, 0x6a667aa7, 0x6a666a66, 0x6a666a66, 0x6a6672a7,
		    0x7ac77aa7, 0x7ac78b28, 0x6a667ac7, 0x6a466a46, 0x6a666a66, 0x6a666a66, 0x62056205, 0x5a056205, 0x5a0551c4, 0x51c45a05, 0x49a451c4, 0x51c451c4, 0x5a055a05, 0x51c45a05, 0x5a055a05, 0x51c451c4,
		    0x5a0551c4, 0x52055a05, 0x8bec62c8, 0xc5b36ae8, 0x62c8c5b3, 0x49e549e5, 0x838c41c4, 0x5a05a46f, 0x62055a05, 0x51c45a05, 0x62056225, 0x62056a46, 0x62056205, 0x62056205, 0x6a666a66, 0x6a666266,
		    0x62056205, 0x5a056205, 0x41a449a4, 0x41a441a4, 0x418441a4, 0x39843984, 0x41a44184, 0x41a441a4, 0x41a441a4, 0x41a441a4, 0x41a441a4, 0x418441a4, 0x41c541a4, 0x41c541c5, 0x41c541c5, 0x41c541c5,
		    0x7ac77ac7, 0x8b288b28, 0xac2c8b28, 0x93698b28, 0x8b288b28, 0xa42c7ac6, 0x93698b48, 0x9369a40b, 0x8b288b28, 0x8b287ac7, 0xac2c8b28, 0x7ac78b28, 0x72a77ac7, 0x6a666a66, 0x6a666a66, 0x7aa77ac7,
		    0x7ac76a66, 0x7ac78b28, 0x72a77ac7, 0x6a466a46, 0x6a666a66, 0x6a666a66, 0x5a256246, 0x5a056205, 0x51c45a05, 0x51c45a05, 0x51c551c4, 0x51c449a4, 0x5a0551c4, 0x5a055a05, 0x5a0551c4, 0x51c45a05,
		    0x51c451c4, 0x49e55a06, 0x62c849e5, 0x8bec8bec, 0x62c88bec, 0x49e562a8, 0x7b8b41a5, 0x5a05a46f, 0x62055a05, 0x59c46205, 0x62255a05, 0x62056205, 0x62056205, 0x62056205, 0x6a666205, 0x6a666a66,
		    0x62056a46, 0x5a056205, 0x41a45a05, 0x41a441a4, 0x39a439a4, 0x39843964, 0x41a44184, 0x41a441a4, 0x41a441a4, 0x41a441a4, 0x41a441a4, 0x41a441a4, 0x41c541a4, 0x41a541c5, 0x41c541c5, 0x41a541c5,
		    0x7ac77ac7, 0x8b288b28, 0xac2c8b48, 0x93698b28, 0x8b288b28, 0x7ac78b28, 0x8b48a42c, 0xac2c9369, 0x8b288b28, 0x82c78b28, 0xac2c8b28, 0x7ac78b28, 0x7aa77ac7, 0x6a6672a7, 0x6a666a66, 0x7ac76a66,
		    0x7aa76a65, 0x8b287aa7, 0x7ac77ac7, 0x6a4672a7, 0x6a666a66, 0x6a666a66, 0x5a256266, 0x62056205, 0x51c45a05, 0x5a055a05, 0x51c551c4, 0x51c449a4, 0x5a0551c4, 0x62056205, 0x5a0551c4, 0x5a055a05,
		    0x51c451e4, 0x39435205, 0x62c849e5, 0xc5b38bec, 0x4a0562c8, 0x394362a8, 0x5a6749e6, 0x5a059c6f, 0x62056246, 0x5a056225, 0x622559e4, 0x62056205, 0x62056205, 0x62056205, 0x6a666205, 0x6a466a66,
		    0x62056a66, 0x5a056205, 0x49a45a05, 0x41a441a4, 0x39a441a4, 0x39843984, 0x41a44184, 0x41a441a4, 0x41a441a4, 0x41a441a4, 0x41a441a4, 0x41c541a4, 0x41c541c5, 0x41c541c5, 0x41c541c5, 0x418441a5,
		    0x7ac68b28, 0x8b287ac7, 0x8b288b48, 0x8b489369, 0x8b289369, 0x7ac68b28, 0xa42c8328, 0x93699368, 0x8b289369, 0x7ac68b28, 0x8b488b28, 0x8328a42c, 0x7ac77ac7, 0x6a667ac7, 0x6a666a66, 0x72a76a66,
		    0x6a6572a7, 0x8b287aa7, 0x7ac77ac7, 0x6a6672a7, 0x6a666a66, 0x6a666a66, 0x6a466a66, 0x5a056205, 0x5a056205, 0x5a0551c4, 0x51c451c4, 0x49c449c4, 0x51c451c4, 0x62055a05, 0x51c45a05, 0x62056205,
		    0x6a456224, 0x39434163, 0x49e53143, 0x8bec62c7, 0x62a862c8, 0x314349e5, 0x52475a89, 0x52057b6b, 0x6a465a05, 0x5a056205, 0x5a0551e4, 0x62055a05, 0x62056205, 0x62056205, 0x5a055a05, 0x6a666a46,
		    0x6a466a66, 0x62056205, 0x5a055a05, 0x41a441a4, 0x41a441a4, 0x39633964, 0x41a44184, 0x41a441a4, 0x41a441a4, 0x41a441a4, 0x41a441a4, 0x41a441a4, 0x41a441a4, 0x41a541a5, 0x418441c5, 0x39844184,
		    0x8b287ac6, 0x7ac77ac7, 0x8b288b28, 0x93698b28, 0x93698b28, 0x8b288b48, 0xa42c7ac7, 0x93688b48, 0x93699369, 0x8b288b28, 0x8b287ac7, 0x8b48a42c, 0x7ac77ac7, 0x72a77ac7, 0x6a666a66, 0x6a666a66,
		    0x6a6572a7, 0x7ac77aa7, 0x7ac78b28, 0x72a77aa7, 0x6a666a66, 0x6a666a66, 0x6a666a66, 0x6a466205, 0x62056205, 0x5a055a05, 0x51c45a05, 0x49c449c4, 0x51c451c4, 0x62055a05, 0x59c45a05, 0x6a246224,
		    0x51629369, 0x39434963, 0x49e528e2, 0xc5936ac8, 0x49e562c8, 0x62a93943, 0x18601860, 0xa46f5a47, 0x62465a05, 0x5a056205, 0x51c45a05, 0x62055a05, 0x62055a05, 0x62055a05, 0x5a055a05, 0x6a666a46,
		    0x6a466a66, 0x62056225, 0x5a056205, 0x41a449a4, 0x418441a4, 0x39633964, 0x41a44184, 0x41a441a4, 0x41a441a4, 0x41a441a4, 0x41a441a4, 0x418441a4, 0x41a441a4, 0x41a441a4, 0x41a441a4, 0x41a441a4,
		    0x8b287ac7, 0x7ac77ac7, 0x8b288b28, 0x93698b28, 0x93698b28, 0x8b288b28, 0x8b287ac6, 0x8b28a42c, 0x93699369, 0x8b288b28, 0x7ac68b28, 0xa42c8b28, 0x7ac78b28, 0x7ac77ac7, 0x6a666a66, 0x6a666a46,
		    0x72a772a7, 0x7ac76a66, 0x8b287ac7, 0x72a77aa7, 0x6a666a66, 0x6a666a66, 0x6a666a46, 0x62056a46, 0x62056205, 0x5a056205, 0x51c45a05, 0x51c451c4, 0x51c449a4, 0x5a0551c4, 0x62046205, 0x9b8961e2,
		    0x49627245, 0x414430c1, 0x208028c2, 0x8bed62a8, 0x49e562a8, 0x8bac2080, 0x18601860, 0x9c8f5a47, 0x5a055a25, 0x5a056266, 0x51c45a05, 0x5a055a05, 0x62056205, 0x62056205, 0x62056205, 0x6a666205,
		    0x6a666a66, 0x5a056a46, 0x5a056205, 0x49845a05, 0x39634184, 0x39633963, 0x41a43984, 0x41844184, 0x41a44184, 0x41a441a4, 0x41a44184, 0x41a441a4, 0x41a441a4, 0x41a441a4, 0x41a44184, 0x41a441a4,
		    0x7ac77ac7, 0x7ac78b28, 0x8b287aa6, 0x8b288b28, 0x8b289369, 0x8b289369, 0x7ac68b28, 0x8b28a42c, 0x93699369, 0x8b289369, 0x7ac78b28, 0x8b288b28, 0x8b288b28, 0x7ac77ac7, 0x6a667ac7, 0x6a666a66,
		    0x7ac76a66, 0x72c76a66, 0x8b287aa7, 0x7aa77aa7, 0x6a6672a7, 0x6a666a66, 0x6a666a46, 0x6a466a66, 0x62056205, 0x62056205, 0x5a055a05, 0x51c451c4, 0x51c449a4, 0x620551c4, 0x6a246205, 0x7a649b88,
		    0x49635182, 0x414430c1, 0x18603944, 0x62c849e5, 0x186041c5, 0x5a264143, 0x18611860, 0x7b8b5247, 0x5a05a46f, 0x62256246, 0x5a055a25, 0x5a0551c4, 0x62056205, 0x62056205, 0x62056205, 0x6a666205,
		    0x6a466a66, 0x62056a66, 0x62056205, 0x5a055a05, 0x39634183, 0x39843984, 0x39633963, 0x39633963, 0x41a44184, 0x41a441a4, 0x41a441a4, 0x41a441a4, 0x41a441a4, 0x418441a4, 0x41a441a4, 0x41a441a4,
		    0x7ac76a66, 0x7ac68b28, 0x8b287aa6, 0x8b288b28, 0x8b279369, 0x8b289368, 0x8b288b28, 0xa42c7ac6, 0x93698b28, 0x8b289369, 0x8b288b28, 0x8b287ac6, 0x8b288b28, 0x7ac77ac7, 0x6a6672a7, 0x6a666a46,
		    0x72a76a66, 0x6a6572a7, 0x7aa67aa7, 0x7aa78328, 0x6a6672a7, 0x6a666a66, 0x6a666a66, 0x6a666a66, 0x62056205, 0x5a056205, 0x5a056205, 0x51c451c4, 0x49a451c4, 0x59c451c4, 0x51824963, 0xa3a8a388,
		    0x49635182, 0x414430c1, 0x18403944, 0x41c61880, 0x20601860, 0x5a274143, 0x18611860, 0x9c4f5247, 0x52057b6b, 0x62665a25, 0x62056205, 0x5a0551c4, 0x62056205, 0x62056205, 0x5a055a05, 0x62056205,
		    0x6a666a46, 0x6a666a66, 0x5a056205, 0x5a055a05, 0x41a43963, 0x41844184, 0x41844184, 0x39633963, 0x39633963, 0x41844184, 0x41a441a4, 0x41a44184, 0x41a441a4, 0x41a441a4, 0x41a441a4, 0x41a441a4,
		    0x72a76a65, 0x83087aa7, 0x7ac77ac7, 0x8b288b28, 0x93698b28, 0x93698b48, 0x8b288b28, 0x8b287ac7, 0x9369ac2c, 0x93689369, 0x8b288b28, 0x8b287aa6, 0x8b288b28, 0x7ac68b08, 0x72a77aa7, 0x6a666a46,
		    0x6a466a46, 0x6a6672a7, 0x7ac77aa7, 0x7aa78b28, 0x72a77aa7, 0x6a666a46, 0x6a666a66, 0x6a666a66, 0x62056a46, 0x62056205, 0x62056205, 0x51c45a05, 0x59c451c4, 0x49626a46, 0x51624963, 0x7a649b88,
		    0x49635162, 0x28c130c1, 0x18604143, 0x18601860, 0x5a271860, 0x39442060, 0x10411841, 0x7b6c1860, 0x51e528e1, 0x626693cc, 0x62055a05, 0x51c45a05, 0x62056205, 0x5a056205, 0x5a0551c4, 0x62056205,
		    0x6a666205, 0x6a666a66, 0x5a056205, 0x5a055a05, 0x41a45205, 0x41a441a4, 0x41a441a4, 0x418441a4, 0x39633963, 0x39843963, 0x41a441a4, 0x41a441a4, 0x41a441a4, 0x41a441a4, 0x41a441a4, 0x41a44184,
		    0x6a6572a6, 0x8b287aa7, 0x7aa67ac7, 0x8b287ac7, 0x8b288b28, 0x8b289369, 0x8b288b28, 0x7ac68b28, 0x8b48ac2c, 0x93689368, 0x8b288b28, 0x7ac68b28, 0x8b288b28, 0x7ac78b28, 0x7ac77ac7, 0x6a667ac7,
		    0x6a666a66, 0x7aa76a66, 0x7aa76a66, 0x8b287ac7, 0x72a77aa7, 0x6a466a46, 0x6a466a46, 0x6a466a46, 0x62056a46, 0x5a055a05, 0x62056205, 0x62046205, 0x724561e3, 0x49627245, 0x38e04963, 0x72447245,
		    0x49435162, 0x28c228c1, 0x39434143, 0x18611861, 0x39441860, 0x18611840, 0x18611861, 0x7b6c1860, 0x20803944, 0xc5936ac8, 0x62256266, 0x62056205, 0x5a0551c4, 0x5a056205, 0x51c45a05, 0x62056205,
		    0x6a466205, 0x6a466a46, 0x5a056246, 0x5a056205, 0x49a45a05, 0x41a441a4, 0x41a441a4, 0x41c541c5, 0x41844184, 0x39643963, 0x41a43984, 0x41844184, 0x418441a4, 0x41a441a4, 0x418441a4, 0x41844184,
		    0x7aa77ac7, 0x7ac77265, 0x7ac78b28, 0x8b287ac7, 0x8b288b28, 0x8b289369, 0x8b288b28, 0x7ac68b28, 0xac2c8b28, 0x93699369, 0x8b489369, 0x8b288b28, 0x8b287ac6, 0x8b288b28, 0x7ac77ac7, 0x6a667ac7,
		    0x6a666a66, 0x72a76a66, 0x6a667ac7, 0x7ac77aa7, 0x7ac78b28, 0x6a4672a7, 0x62466a46, 0x6a466a46, 0x62466a46, 0x5a055a05, 0x62056205, 0x6a246204, 0x7a649b88, 0x51627245, 0x38c14963, 0x72455162,
		    0x49636a25, 0x206028c1, 0x394428c1, 0x18611861, 0x18603944, 0x18411861, 0x18611061, 0x52481861, 0x28c120c2, 0x8bec28e1, 0x5a25cd92, 0x5a055a05, 0x5a0551c4, 0x62056205, 0x51c45a05, 0x62055a05,
		    0x62056205, 0x6a466a46, 0x62056a46, 0x62056205, 0x5a055a05, 0x41a441a4, 0x41a441a4, 0x41c541c5, 0x418441a4, 0x39644184, 0x39633963, 0x39633963, 0x39633963, 0x39843984, 0x398441a4, 0x39643964,
		    0x7ac77ac7, 0x7aa76a66, 0x8b287ac7, 0x7ac67ac6, 0x8b288b28, 0x93699348, 0x8b288b28, 0x8b288b28, 0xa42c7ac7, 0x93698b28, 0x93699369, 0x8b288b28, 0x8b287ac6, 0x8b288b28, 0x7ac77ac7, 0x7aa77aa7,
		    0x6a666a66, 0x6a666a66, 0x6a6672a7, 0x7ac77aa7, 0x7ac78b28, 0x6a4672a7, 0x6a666a46, 0x6a666a46, 0x6a466a46, 0x62056205, 0x62046205, 0xa3886a23, 0x7a647a64, 0x51627245, 0x38c14963, 0x6a465162,
		    0x51626a45, 0x28c24143, 0x20a21860, 0x18611861, 0x18613944, 0x10611041, 0x10611061, 0x52281861, 0x18801861, 0x8bec49e5, 0xcdb2cdb3, 0x5a055a25, 0x51c45a05, 0x62056205, 0x5a056205, 0x5a0551c4,
		    0x5a055a05, 0x6a466246, 0x62666a66, 0x62056205, 0x5a255a05, 0x418449a4, 0x41a441a4, 0x41a441a4, 0x41a441c5, 0x41844184, 0x39633984, 0x39643963, 0x39633963, 0x39843984, 0x39633984, 0x39633963,
		    0x7ac68b28, 0x6a667ac7, 0x8b287ac7, 0x7ac67ac6, 0x8b288b28, 0x93698b28, 0x8b288b28, 0x8b288b28, 0x7ac78b28, 0x8b48a42c, 0x93699369, 0x8b288b28, 0x7ac78b28, 0x8b288b28, 0x7ac78b28, 0x7ac77ac7,
		    0x6a666a46, 0x6a666a66, 0x7aa772a7, 0x7ac76a66, 0x8b287ac7, 0x72a77aa7, 0x6a666a66, 0x6a666a66, 0x6a466a46, 0x62056a46, 0x62046205, 0xa3a87a64, 0xa3888283, 0x51627245, 0x49634963, 0x51624963,
		    0x51626a46, 0x30c14963, 0x18611860, 0x18611861, 0x18611861, 0x10611861, 0x10611061, 0x10411861, 0x1880736c, 0x4a0528c1, 0x93ebc5b3, 0x5a2593ec, 0x51c45a05, 0x62055a05, 0x5a056205, 0x5a0551c4,
		    0x5a055a05, 0x62056205, 0x6a666a66, 0x62056205, 0x5a055a05, 0x41a45a25, 0x41a441a4, 0x418441a4, 0x41a441a4, 0x41a44184, 0x39634184, 0x41843964, 0x418441a4, 0x41a441a4, 0x41a441a4, 0x41a441a4,
		    0x7ac68b28, 0x6a667aa7, 0x7ac77aa7, 0x7ac78b28, 0x8b287ac7, 0x8b288b28, 0x8b289369, 0x8b288b28, 0x7ac68b28, 0xac2c8b28, 0x93699369, 0x8b289369, 0x8b288b28, 0x8b287ac7, 0x7ac78b28, 0x7aa77ac7,
		    0x6a667aa7, 0x6a666a66, 0x72a76a66, 0x7ac76a66, 0x8b287ac7, 0x72a77aa7, 0x6a6672c7, 0x6a666a66, 0x6a666a66, 0x62056a46, 0x51826205, 0x82837264, 0x8283a3a7, 0x51627264, 0x49435163, 0x494338c1,
		    0x51625162, 0x49635163, 0x28c230c1, 0x18611860, 0x18611861, 0x10611061, 0x10611061, 0x18611061, 0x20c2734c, 0x4a0520c1, 0x6ac78bcc, 0x5a048bec, 0x5a055a05, 0x5a0551c4, 0x5a0559e5, 0x51c45a05,
		    0x5a055a05, 0x62056205, 0x6a466a46, 0x5a056246, 0x5a056205, 0x49a45a05, 0x41a441a4, 0x41a441a4, 0x41a441a4, 0x41a441a4, 0x39634184, 0x41844184, 0x41844184, 0x41a441a4, 0x41a441a4, 0x41a441a4,
		    0x8b287ac6, 0x7ac77ac7, 0x7ac76a65, 0x7ac78b28, 0x7ac77aa6, 0x8b288b28, 0x8b288b28, 0x8b288b28, 0x8b288b28, 0xac0c7ac6, 0x93698b28, 0x8b289369, 0x8b288b28, 0x8b287ac7, 0x8b288b28, 0x7ac77ac6,
		    0x72a77ac7, 0x6a666a66, 0x7ac76a66, 0x6a6672a7, 0x7ac77aa7, 0x7aa78b28, 0x6a667ac7, 0x6a666a66, 0x6a666a66, 0x6a466a66, 0x51626205, 0x9b887245, 0xa3a7a3a7, 0x72457a64, 0x49635162, 0x30c14963,
		    0x6a264963, 0x49636a46, 0x41434963, 0x28c228c2, 0x18611861, 0x10611041, 0x10611061, 0x18611061, 0x1881734c, 0x41e61881, 0x62c862c8, 0x5a058bec, 0x5a055a05, 0x5a0551c4, 0x5a055a05, 0x51c45a05,
		    0x5a055a05, 0x62056205, 0x6a466205, 0x5a056246, 0x5a056205, 0x5a055a05, 0x41a441a4, 0x41a441a4, 0x41a441a4, 0x418441a4, 0x396341a4, 0x41a441a4, 0x41c541a4, 0x41c541c5, 0x41a441c5, 0x41a441a4,
		    0x8b287ac7, 0x7ac77ac7, 0x7aa76a65, 0x8b287ac7, 0x7ac77ac7, 0x8b288b28, 0x8b488b28, 0x8b288b28, 0x8b288b28, 0x83287ac7, 0x93698b28, 0x93699369, 0x8b288b28, 0x7ac68b28, 0x8b288b28, 0x7ac77ac7,
		    0x7ac77ac7, 0x6a666a66, 0x6a666a66, 0x6a6672a7, 0x7ac77ac7, 0x7aa68b28, 0x7aa77ac7, 0x6a666a66, 0x6a666a66, 0x6a466a46, 0x49634963, 0x72455162, 0x9b887264, 0x72459b89, 0x49636a25, 0x49434963,
		    0x38e130c1, 0x62266a26, 0x49634963, 0x41444144, 0x186128c2, 0x18611861, 0x10611061, 0x10611061, 0x18815228, 0x10811861, 0x49e541c6, 0x6266c573, 0x5a055a05, 0x51c45a05, 0x5a055a05, 0x5a056205,
		    0x5a0551c4, 0x62056205, 0x62056205, 0x62665a05, 0x62056205, 0x5a055a05, 0x418449a4, 0x41a44184, 0x41a441a4, 0x41a441a4, 0x39634184, 0x41844184, 0x41c541a4, 0x41c541c5, 0x41a441c5, 0x41a441a4,
		    0x7ac77aa6, 0x7ac78b28, 0x6a657aa7, 0x8b287ac7, 0x7ac77aa6, 0x8b287ac7, 0x8b287ac6, 0x8b288b28, 0x8b288b28, 0x7aa68b28, 0x8b28a40c, 0x93699369, 0x8b288b28, 0x8b288b28, 0x8b287ac6, 0x7ac78b28,
		    0x7ac77ac7, 0x6a667ac7, 0x6a666a66, 0x72a772c7, 0x7aa76a66, 0x83087ac7, 0x7aa782c7, 0x6a666a66, 0x6a666a66, 0x62466a46, 0x496330c1, 0x49624963, 0x724540e0, 0x59627245, 0x51625162, 0x38c14963,
		    0x41434943, 0x496338c1, 0x49434963, 0x30c14943, 0x28c130c1, 0x186128c2, 0x10611861, 0x10611061, 0x4a281861, 0x10611061, 0x18801081, 0x62665205, 0x62055a05, 0x59c45a05, 0x5a055a05, 0x62056205,
		    0x51c45a05, 0x62055a05, 0x62056205, 0x62465a05, 0x62056205, 0x5a056205, 0x41a45a05, 0x41a441a4, 0x41a441a4, 0x41a44184, 0x396341a4, 0x41843963, 0x41c541a4, 0x41c541c5, 0x418441a4, 0x418441a4,
		    0x7ac78b28, 0x8b287ac7, 0x7ac77ac7, 0x7aa76a65, 0x7ac78b28, 0x8b287ac7, 0x7aa67aa6, 0x8b288b28, 0x8b288b28, 0x7aa68b28, 0x8b288b28, 0x93699368, 0x8b289368, 0x8b288b28, 0x8b287ac7, 0x8b288b28,
		    0x7aa77ac7, 0x6a667ac7, 0x6a666a66, 0x72a76a66, 0x72a66a65, 0x7aa77aa7, 0x7ac78b28, 0x6a6672a7, 0x6a466a66, 0x30c16a46, 0x41642060, 0x41434143, 0x49634963, 0x516338c1, 0x6a465162, 0x51626a46,
		    0x30c14943, 0x30c130c1, 0x30c130c1, 0x496338c1, 0x49634963, 0x28c24143, 0x10611861, 0x10611061, 0x4a281861, 0x10611061, 0x18811061, 0x5a0583cc, 0x62256246, 0x5a056205, 0x5a0551c4, 0x62056205,
		    0x51c45a05, 0x5a055a05, 0x62056205, 0x62056205, 0x62056a46, 0x5a056205, 0x49a45a05, 0x41a441a4, 0x41a441a4, 0x41a441a4, 0x398341a4, 0x41843963, 0x41a44184, 0x41c541a4, 0x41a441a4, 0x41a441a4,
		    0x7aa68b28, 0x8b287aa6, 0x7aa77ac7, 0x72c76a65, 0x8b087ac6, 0x7aa67aa6, 0x7ac78b08, 0x8b288b28, 0x8b288b28, 0x8b288b28, 0x8b287ac6, 0x93698b28, 0x8b289368, 0x8b288b28, 0x7ac78b28, 0x8b288b28,
		    0x7ac77ac7, 0x72a77ac7, 0x6a666a66, 0x6a466a66, 0x6a6572a7, 0x7aa77aa7, 0x7ac68328, 0x6a667ac7, 0x6a466a66, 0x49636a46, 0x206030c1, 0x20602060, 0x30c130c1, 0x41634143, 0x49634943, 0x6a266a25,
		    0x49634963, 0x49634963, 0x49634963, 0x6a465162, 0x6a266a26, 0x28a14143, 0x10611861, 0x10611061, 0x4a281861, 0x10611061, 0x10811081, 0x8bcc20a0, 0x62056246, 0x62056205, 0x51c45a05, 0x5a055a05,
		    0x5a055a05, 0x5a0551c4, 0x62056205, 0x62056205, 0x62056205, 0x5a0551c4, 0x5a055a05, 0x41a441a4, 0x418441a4, 0x41a441a4, 0x398341a4, 0x41843943, 0x41a441a4, 0x41a44184, 0x41a44184, 0x41a441a4,
		    0x8b287ac7, 0x7ac67aa7, 0x7aa68328, 0x6a6572a6, 0x83287aa6, 0x7ac77ac7, 0x8b287ac7, 0x8b287ac7, 0x8b287ac6, 0x8b288b28, 0x7ac68b28, 0x93698b28, 0x93699369, 0x8b288b28, 0x7ac68b28, 0x8b288b28,
		    0x7ac68b28, 0x7aa77aa7, 0x6a656a45, 0x6a666a66, 0x7aa772a7, 0x7aa76a66, 0x83287ac6, 0x72a77aa7, 0x6a666a66, 0x49636a46, 0x30c14143, 0x414330c1, 0x206030c1, 0x28c12060, 0x414328c1, 0x49634963,
		    0x49634963, 0x72456a25, 0x72457245, 0x93697265, 0x49635162, 0x28c228c1, 0x10611861, 0x10611061, 0x4a281861, 0x10611061, 0x10811061, 0x4a0541e5, 0x6a465a05, 0x62056205, 0x51c45a05, 0x5a0551c4,
		    0x5a055a05, 0x51c451e4, 0x5a055a05, 0x62056205, 0x5a056205, 0x51c451c4, 0x5a055a05, 0x41845205, 0x41a441a4, 0x41a441a4, 0x396341a4, 0x39843963, 0x41a441a4, 0x41a44184, 0x41a441a4, 0x41a441a4,
		    0x8b287ac7, 0x7ac77ac7, 0x7ac68b28, 0x6a457aa7, 0x7ac77aa7, 0x7ac78b28, 0x8b287ac7, 0x7ac77ac7, 0x7ac68b28, 0x8b288b28, 0x7aa68b28, 0x8b287ac6, 0x93699369, 0x8b289369, 0x8b287ac6, 0x8b287ac6,
		    0x7aa68b28, 0x7ac77ac6, 0x6a6672c7, 0x6a666a66, 0x7aa76a66, 0x7aa76a66, 0x8b287ac7, 0x7aa77aa7, 0x6a466a46, 0x49626a46, 0x414330c1, 0x49634943, 0x41634163, 0x20604143, 0x30c12060, 0x494330c1,
		    0x49634943, 0x72455162, 0x72449369, 0x51627245, 0x41434963, 0x186128c2, 0x10611861, 0x10611061, 0x4a281061, 0x10611061, 0x10801061, 0x8bcc4a05, 0x6a465a05, 0x62056205, 0x5a055a05, 0x51c451c4,
		    0x5a055a05, 0x51c45a05, 0x5a0551c4, 0x62056205, 0x62255a05, 0x51c45a05, 0x5a055a05, 0x49a45a05, 0x41a441a4, 0x41a441a4, 0x39634184, 0x41843963, 0x41a441a4, 0x41a441a4, 0x41a441a4, 0x41a441a4,
		    0x7ac77ac7, 0x7ac78b28, 0x8b287ac7, 0x72a67ac6, 0x7aa77266, 0x7ac78b28, 0x7ac77ac7, 0x7ac78b28, 0x7ac68b28, 0x8b288b28, 0x8b288b28, 0x8b287ac7, 0x93698b28, 0x8b289369, 0x7ac68b28, 0x7ac78b28,
		    0x8b288b28, 0x7ac77ac7, 0x72a77ac7, 0x6a666a66, 0x72a76a66, 0x72667aa7, 0x7ac77ac7, 0x7ac78b28, 0x72657ac7, 0x72457245, 0x49634963, 0x49634963, 0x62266a26, 0x49634963, 0x49634963, 0x30c130c1,
		    0x416330e1, 0x49634943, 0x49634963, 0x30c14143, 0x28c228c1, 0x18611861, 0x10611061, 0x10611061, 0x10611061, 0x10611061, 0x41e61081, 0x6aa849e5, 0x62055a05, 0x62056a46, 0x5a056205, 0x51c451c4,
		    0x5a055a05, 0x5a056205, 0x51c451c4, 0x62055a05, 0x5a056205, 0x51c45a05, 0x5a0551c4, 0x5a055a05, 0x41a441a4, 0x41a441a4, 0x396339a4, 0x41843963, 0x41a441a4, 0x41a441a4, 0x41a441a4, 0x41a441a4,
		    0x7ac77ac7, 0x7ac78b28, 0x7ac77ac7, 0x7aa68b28, 0x6a657aa7, 0x8b287ac7, 0x7ac77ac7, 0x7ac78b28, 0x8b287ac6, 0x7ac67ac6, 0x8b288b28, 0x7ac67ac7, 0x93698b28, 0x93699369, 0x8b288b28, 0x7ac78b28,
		    0x8b288b28, 0x7ac78b28, 0x7ac77ac7, 0x6a666a66, 0x6a666a66, 0x6a6572a7, 0x7ac77aa7, 0x8b287ac7, 0x6a457ac7, 0x6a456a45, 0x49434963, 0x49634963, 0x49635163, 0x49634963, 0x6a266a46, 0x41634963,
		    0x30c130c1, 0x28c130c1, 0x186028c1, 0x18601860, 0x18611861, 0x10611061, 0x10611061, 0x10611061, 0x10611061, 0x10811061, 0x49e51880, 0x5a055205, 0x62055a05, 0x62056a46, 0x5a056205, 0x51c45a05,
		    0x5a0551c4, 0x62056205, 0x51c451c4, 0x62055a05, 0x62056205, 0x5a055a05, 0x51c451c4, 0x5a055a05, 0x41a441a4, 0x41844184, 0x39633984, 0x41843963, 0x41a441a4, 0x41a441a4, 0x41a441a4, 0x41a441a4,
		    0x7ac77ac7, 0x8b287aa6, 0x7aa67ac7, 0x7ac68b28, 0x72667ac7, 0x7ac77ac7, 0x7aa68b28, 0x8b287ac7, 0x7ac77ac7, 0x7ac68b28, 0x8b287ac7, 0x7ac78b28, 0x8b488b28, 0x93699369, 0x8b288b28, 0x8b287ac7,
		    0x8b287ac7, 0x7ac78b28, 0x7ac77ac7, 0x6a6672a7, 0x6a666a66, 0x72c772a7, 0x7ac76a65, 0x8b287ac7, 0x496272a7, 0x41634963, 0x41634163, 0x41434163, 0x41644143, 0x30c14143, 0x624638c1, 0x62266226,
		    0x30c14963, 0x18602060, 0x18601860, 0x18611861, 0x10611861, 0x10611061, 0x10611061, 0x10611061, 0x10611061, 0x18811061, 0x5a055206, 0x51c45a05, 0x5a055a05, 0x6a465a05, 0x62056205, 0x51c45a05,
		    0x51c451c4, 0x5a055a05, 0x51c45a05, 0x5a0551c4, 0x62056205, 0x5a056205, 0x51c451c4, 0x5a055a05, 0x39635205, 0x39633963, 0x39633963, 0x39643963, 0x41a44184, 0x41a441a4, 0x41a44184, 0x41a441a4,
		    0x7ac77ac7, 0x8b287ac7, 0x7aa67ac7, 0x8b087ac7, 0x7ac77ac7, 0x7ac76a65, 0x7ac68b28, 0x7ac77ac7, 0x7ac77ac7, 0x7aa68b28, 0x7ac77ac7, 0x8b288b28, 0x8b287ac6, 0x93699369, 0x8b289369, 0x8b288b28,
		    0x7aa68b28, 0x8b288b28, 0x7aa77ac7, 0x6a467ac7, 0x6a666a66, 0x72a76a66, 0x7aa76a66, 0x7ac77ac7, 0x30e06a86, 0x30e14163, 0x28c130e1, 0x20603943, 0x20602060, 0x30c128c1, 0x49634143, 0x38c130c1,
		    0x62266226, 0x28c24143, 0x186028c2, 0x18611861, 0x18611861, 0x10611061, 0x10611061, 0x10611061, 0x10611061, 0x49e61881, 0x62055a05, 0x5a056205, 0x5a0551c4, 0x6a466205, 0x62056205, 0x5a055a05,
		    0x51c451c4, 0x5a0551c4, 0x5a055a05, 0x51c451c4, 0x5a055a05, 0x5a055a05, 0x51c45a05, 0x5a0551c4, 0x41635a05, 0x39843963, 0x39633963, 0x39633963, 0x39633963, 0x41a43984, 0x418441a4, 0x41a441a4,
		    0x7ac77ac7, 0x7ac77ac7, 0x7ac68b28, 0x8b287ac7, 0x7aa77ac7, 0x7aa77266, 0x8b287ac7, 0x7ac77ac7, 0x7ac77ac7, 0x8b287ac7, 0x7ac77ac7, 0x8b288b28, 0x8b287ac6, 0x93698b28, 0x8b289369, 0x7ac68b28,
		    0x7aa68b28, 0x8b288b28, 0x7ac77ac7, 0x7aa77ac7, 0x6a666a66, 0x72a76a66, 0x6a6572a7, 0x72c77aa7, 0x62866a86, 0x396328e0, 0x39635a87, 0x396328e1, 0x396349c5, 0x28c22060, 0x28c128c2, 0x41634143,
		    0x30c130c1, 0x41444143, 0x28c23944, 0x28c228c2, 0x18611860, 0x10611861, 0x10611061, 0x10611061, 0x10811061, 0x8bcc41e6, 0x5a055a05, 0x62056205, 0x5a0559c4, 0x62056205, 0x62056a46, 0x5a056205,
		    0x51c45a05, 0x5a0551c4, 0x5a055a05, 0x51c451c4, 0x5a0551c4, 0x5a055a05, 0x51c45a05, 0x51c451c4, 0x5a055a05, 0x418441a4, 0x418441a4, 0x39633964, 0x39633964, 0x39843963, 0x39843984, 0x41a44184,
		    0x7ac78b28, 0x7ac77ac7, 0x7aa68b28, 0x7aa67ac7, 0x7ac78328, 0x6a657aa7, 0x8b287ac6, 0x7ac77ac7, 0x7ac77ac7, 0x7ac77ac7, 0x7aa68b28, 0x8b287ac7, 0x7ac68b28, 0x93698b28, 0x93699369, 0x8b288b28,
		    0x8b287ac6, 0x8b287ac7, 0x7ac78b28, 0x7ac77ac7, 0x6a666a65, 0x6a666a66, 0x6a6572a7, 0x6a8672c7, 0x41826ac7, 0x41e53962, 0x396341c4, 0x52673163, 0x29023963, 0x28c23964, 0x18601860, 0x28c128c2,
		    0x41434143, 0x30c130c1, 0x414330c1, 0x41644164, 0x20a23944, 0x10611861, 0x10611861, 0x10611061, 0x10811061, 0xbd733963, 0x5a0551e4, 0x62056205, 0x51c45a05, 0x62055a05, 0x62056a46, 0x5a056205,
		    0x51c45a05, 0x51c451c4, 0x5a055a05, 0x51c45a05, 0x5a0551c4, 0x62055a05, 0x5a055a05, 0x51c451c4, 0x5a055a05, 0x41a449a4, 0x41a441a4, 0x39633984, 0x39844184, 0x39433964, 0x31433143, 0x39633964,
		    0x8b287ac7, 0x7ac77aa7, 0x8b287ac7, 0x7ac67ac7, 0x7ac78b08, 0x72667aa7, 0x7ac77aa7, 0x7ac78b28, 0x7ac77aa7, 0x7ac77ac7, 0x7aa68b28, 0x8b287ac7, 0x7ac68b28, 0x8b288b28, 0x93699369, 0x8b289369,
		    0x7aa68b28, 0x7ac78b28, 0x8b288b28, 0x7ac77ac7, 0x6a667ac7, 0x6a666a66, 0x72a76a66, 0x72a77266, 0x6ac772c7, 0x5a675a87, 0x31432902, 0x18a12902, 0x29023163, 0x31432902, 0x188120c2, 0x18601861,
		    0x394428c2, 0x41434144, 0x41644143, 0x41444164, 0x20c228c2, 0x18611861, 0x41a61860, 0x10611061, 0x10811061, 0x62c849e5, 0x5a0551e4, 0x62055a05, 0x51c45a05, 0x5a055a05, 0x6a466205, 0x5a056205,
		    0x5a055a05, 0x51c451c4, 0x5a0551c4, 0x51c45a05, 0x51c451c4, 0x5a055a05, 0x5a056205, 0x51c451c4, 0x5a0551c4, 0x41a45205, 0x39a441a4, 0x39634184, 0x398439a4, 0x39643984, 0x39643964, 0x39633963,
		    0x8b287aa6, 0x7ac77ac7, 0x7ac77ac7, 0x7ac67ac7, 0x83087aa6, 0x7aa77aa7, 0x72c76a66, 0x7ac78b28, 0x7ac77ac7, 0x7ac77ac7, 0x8b287ac7, 0x7ac77ac7, 0x8b288b28, 0x8b287ac6, 0x93698b28, 0x8b289369,
		    0x7ac68b28, 0x7ac78b08, 0x8b288b28, 0x7ac77ac7, 0x72a77aa7, 0x6a666a66, 0x7ac76a66, 0x6a667aa7, 0x626672c7, 0x29023102, 0x18a120e3, 0x314420e3, 0x18a020e2, 0x20e228e2, 0x20e21881, 0x10611081,
		    0x18601861, 0x28a128a1, 0x28c228c2, 0x28a228a1, 0x18611841, 0x18611861, 0x49c52080, 0x10611861, 0x10811061, 0x8bcd41e6, 0x51e4c593, 0x62055a05, 0x5a055a05, 0x5a0551c4, 0x62056205, 0x62055a05,
		    0x5a055a05, 0x51c451c4, 0x51c451c4, 0x5a055a05, 0x51c451c4, 0x5a0551c4, 0x5a056205, 0x51c45a05, 0x51c451c4, 0x49a45a05, 0x41a441a4, 0x396341a4, 0x398439a4, 0x39843984, 0x39843984, 0x39843984,
		    0x7ac77ac7, 0x7ac78b28, 0x7ac77aa7, 0x7aa77ac7, 0x7aa77aa7, 0x7aa78308, 0x6a6572a7, 0x8b287ac7, 0x7ac77ac7, 0x7ac77ac7, 0x7ac77ac7, 0x7ac77aa7, 0x8b288b28, 0x7ac68b28, 0x93698b28, 0x93699369,
		    0x8b288b28, 0x8b087aa6, 0x8b287aa6, 0x7ac78b28, 0x7aa77ac7, 0x6a666a46, 0x6a666a66, 0x6a667ac7, 0x39846aa8, 0x28e33965, 0x20e31882, 0x18821882, 0x524718a1, 0x20e218a0, 0x20c220e2, 0x18811881,
		    0x18611881, 0x18611861, 0x18611861, 0x18611861, 0x10611061, 0x18601861, 0x49c55206, 0x10611881, 0x10611061, 0x49e61881, 0x51c46ac8, 0x5a055a05, 0x5a056205, 0x51c45a05, 0x5a055a05, 0x62055a05,
		    0x5a056205, 0x51c45a05, 0x51c451c4, 0x5a0551c4, 0x51c451c4, 0x51c451c4, 0x62055a05, 0x51c45a05, 0x51c451c4, 0x5a055a05, 0x41a449a4, 0x396341a4, 0x39843984, 0x39843984, 0x39843984, 0x39843984,
		    0x7ac76a66, 0x7ac78b28, 0x7aa77ac7, 0x7aa77aa6, 0x7ac77ac7, 0x7ac78b28, 0x6a657aa7, 0x7aa772a7, 0x7aa68328, 0x7aa77aa7, 0x7aa77ac7, 0x7aa77aa7, 0x8b087ac6, 0x7ac68b28, 0x8b288b28, 0x8b289349,
		    0x8b288b28, 0x8b288b28, 0x7aa67aa6, 0x7aa68b08, 0x7ac77ac7, 0x6a6672a7, 0x6a466a66, 0x72a772a7, 0x28e34184, 0x31653965, 0x20e31882, 0x18821882, 0x52471881, 0x28e228e2, 0x188120e2, 0x188120e2,
		    0x18c21881, 0x10611881, 0x10611061, 0x10611061, 0x18821061, 0x51e61881, 0x52065206, 0x10611860, 0x10611061, 0x49e61061, 0x5a058bcd, 0x5a0551c4, 0x62056205, 0x51c45a05, 0x51c45a05, 0x62055a05,
		    0x5a056205, 0x51c45a05, 0x51c451c4, 0x51c451c4, 0x51c45a05, 0x51c451c4, 0x5a055a05, 0x5a055a05, 0x51c451c4, 0x5a0551c4, 0x41a45205, 0x39634184, 0x39643964, 0x39843984, 0x39843984, 0x39843984,
		    0x6a666a66, 0x83287ac7, 0x7aa77aa7, 0x7ac77ac7, 0x7ac77ac7, 0x8b287ac6, 0x7aa77ac7, 0x7aa77266, 0x7ac78b28, 0x7ac77aa7, 0x7aa77aa7, 0x7aa77aa7, 0x7aa67aa7, 0x8b288b08, 0x8b287aa6, 0x8b288b28,
		    0x8b288b28, 0x7ac68b28, 0x7aa68b28, 0x8b088b28, 0x7aa77aa6, 0x6a467aa7, 0x6a666a66, 0x6aa86246, 0x398562a9, 0x316520e3, 0x20c320e3, 0x18a21882, 0x18a11882, 0x20e218a1, 0x18811081, 0x28e220e2,
		    0x18811881, 0x20a220e3, 0x10611061, 0x10821061, 0x18821082, 0x49e61882, 0x52065206, 0x186141c5, 0x10611061, 0x41e61081, 0x49c4bd73, 0x51c45a05, 0x62056205, 0x5a055a05, 0x5a0551c4, 0x5a0551c4,
		    0x59c46205, 0x5a055a05, 0x51c451c4, 0x51c451c4, 0x5a055a05, 0x51c451c4, 0x5a0551c4, 0x5a055a05, 0x51c451c4, 0x5a0551c4, 0x49a45a05, 0x31634184, 0x39843964, 0x39843984, 0x39843984, 0x39843984,
		    0x6a666a66, 0x83087aa7, 0x7ac77aa7, 0x7aa77ac7, 0x7ac77ac7, 0x8b287ac7, 0x7aa77ac7, 0x7aa77266, 0x8b287ac7, 0x7ac77ac7, 0x7ac77ac7, 0x7ac77ac7, 0x7aa77aa7, 0x8b288328, 0x8b287ac7, 0x8b288b28,
		    0x8b287ac6, 0x8b288b28, 0x8b287ac7, 0x8b287ac7, 0x7aa67ac6, 0x7aa77aa7, 0x6a466a46, 0x6aa86246, 0x31855a89, 0x20e33165, 0x18821082, 0x52281882, 0x188118a2, 0x20e241c5, 0x20e21081, 0x29022902,
		    0x20e22944, 0x10611881, 0x18821061, 0x10821082, 0x18821082, 0x188120e3, 0x41a520a1, 0x188141c5, 0x10821061, 0x29031882, 0x49c462a8, 0x51c45a05, 0x5a0559e4, 0x5a055a05, 0x5a0551c4, 0x5a0551c4,
		    0x5a055a05, 0x5a0551c4, 0x51c45a05, 0x51c451c4, 0x5a0551c4, 0x51c451c4, 0x51c451c4, 0x5a055a05, 0x51c45a05, 0x51c451c4, 0x52055a05, 0x31634184, 0x39843143, 0x39843984, 0x39843964, 0x39843984,
		    0x6a466a46, 0x7aa76a46, 0x7ac78b28, 0x6a657ac7, 0x7ac77aa7, 0x7ac77ac7, 0x7ac78b28, 0x6a667aa7, 0x8b287ac6, 0x7ac77ac7, 0x7ac77ac7, 0x7ac77ac7, 0x7aa77aa7, 0x8b287ac6, 0x7ac68b28, 0x8b288b28,
		    0x7ac78b28, 0x8b288b28, 0x8b287ac6, 0x7ac77ac7, 0x7ac78b28, 0x7aa77ac6, 0x6a4672a7, 0x41846246, 0x5a895a89, 0x18823165, 0x188220e3, 0x5a4820a1, 0x20a15247, 0x41c55267, 0x188118a1, 0x314339c5,
		    0x108120e2, 0x10821882, 0x10821082, 0x10821082, 0x20c31082, 0x18821882, 0x41a51881, 0x20a14a06, 0x10821882, 0x18821082, 0x52056288, 0x5a0551c4, 0x5a0551c4, 0x5a055a05, 0x51e45a05, 0x51c45a05,
		    0x5a055a05, 0x51c451c4, 0x51c45a05, 0x51c451c4, 0x51c451c4, 0x51c45a05, 0x51c451c4, 0x5a0551c4, 0x51c45a05, 0x51c451c4, 0x5a0551e4, 0x39434184, 0x39843143, 0x39843984, 0x39843984, 0x39843984,
		    0x6a466a46, 0x6a666a46, 0x7ac77ac7, 0x6a657ac7, 0x7aa76a65, 0x7ac77ac7, 0x7ac77ac7, 0x72667aa7, 0x7ac77aa7, 0x7ac78b28, 0x7ac77ac7, 0x7ac77ac7, 0x7aa67ac7, 0x8b287aa7, 0x7ac68b28, 0x8b288b28,
		    0x7ac78b28, 0x8b288b28, 0x7ac68b28, 0x7ac78b28, 0x8b287ac7, 0x7ac77ac7, 0x6a667ac7, 0x5a4749a4, 0x29032902, 0x28e32903, 0x188120e3, 0x5a4720a1, 0x20a15a47, 0x18a141c5, 0x39c518a1, 0x18a120e2,
		    0x10821081, 0x10821082, 0x10821082, 0x10821082, 0x20e320e3, 0x108220c3, 0x18a11882, 0x20a149e6, 0x10821882, 0x20e31082, 0x51e64185, 0x5a0551c4, 0x5a0551c4, 0x5a055a05, 0x51c45a05, 0x5a0551c4,
		    0x5a0551c4, 0x51c451c4, 0x5a0551c4, 0x49a451c4, 0x51c549c4, 0x49a451c4, 0x51c451c4, 0x5a0551c4, 0x5a055a05, 0x51c451c4, 0x5a0551c4, 0x39635206, 0x39843143, 0x39843984, 0x39843984, 0x39843984,
		    0x62465a05, 0x6a666a46, 0x7aa77ac7, 0x7ac77ac7, 0x72a76a66, 0x7ac77ac7, 0x7aa77ac7, 0x7aa77aa7, 0x7ac77266, 0x7ac78b28, 0x7ac77ac7, 0x7aa77ac7, 0x7aa77ac7, 0x7ac77aa7, 0x8b288b28, 0x8b287ac7,
		    0x8b288b28, 0x8b287ac7, 0x8b288b28, 0x7ac77ac7, 0x8b287ac7, 0x7ac77ac7, 0x72c77ac7, 0x5a676aa8, 0x83edc593, 0x49e683cd, 0x20812903, 0x62476247, 0x39a520a1, 0x18a120e2, 0x526841c5, 0x108218a1,
		    0x10821882, 0x10821082, 0x10821082, 0x20e31882, 0x20e33166, 0x10821082, 0x20a11882, 0x20a149e6, 0x10821881, 0x39651082, 0x5a066289, 0x51c45a05, 0x51c45a05, 0x5a055a05, 0x5a055a05, 0x5a0551c4,
		    0x51c451c4, 0x51c45a05, 0x5a0551c4, 0x49a451c4, 0x49c549a4, 0x51c451c5, 0x51c449a4, 0x51c451c4, 0x5a055a05, 0x51c451c4, 0x51c451c4, 0x41835205, 0x39843943, 0x39843984, 0x39843984, 0x39843984,
		    0x624651c4, 0x6a666a66, 0x7aa76a66, 0x7ac77ac7, 0x6a666a66, 0x7ac77ac7, 0x6a657ac7, 0x7aa77aa7, 0x7aa76a66, 0x8b287ac7, 0x7ac77ac7, 0x7ac77ac7, 0x6a457ac7, 0x7ac77aa7, 0x8b287ac7, 0x7ac68b28,
		    0x8b288b28, 0x7ac78b28, 0x8b288b28, 0x7aa77ac7, 0x7ac77ac7, 0x7ac78b28, 0x72a77aa7, 0xc5b349a3, 0x4a048bec, 0x62a849e5, 0x394349e6, 0x62476246, 0x18821881, 0x18a21882, 0x18a139c5, 0x108218a1,
		    0x10821082, 0x10821082, 0x188220c3, 0x20e41082, 0x10823165, 0x18821082, 0x41c518a1, 0x520649c5, 0x10821882, 0x18a118a2, 0x52054184, 0x5a055a05, 0x5a0551c4, 0x5a0551c4, 0x5a055a05, 0x51c451c4,
		    0x51c45a05, 0x51c45a05, 0x51c451c4, 0x51c45a05, 0x49a449a4, 0x49c449c4, 0x49c449c4, 0x51c451c4, 0x5a0551c4, 0x49a45a05, 0x51c449c4, 0x520551c4, 0x39843943, 0x39843964, 0x39843984, 0x39843984,
		    0x5a055a05, 0x6a666a46, 0x72a76a66, 0x7ac77aa7, 0x6a657ac7, 0x7ac77aa7, 0x7aa77ac7, 0x7ac77266, 0x6a6672a7, 0x7ac77ac7, 0x7ac77ac7, 0x7ac77ac7, 0x6a657ac7, 0x7aa772a7, 0x8b287ac7, 0x7ac68b28,
		    0x7ac68b28, 0x8b288b28, 0x8b287ac6, 0x7ac77ac7, 0x7ac77aa7, 0x8b287aa6, 0x7ac77ac7, 0x93ec72c7, 0x62c76ae8, 0x49e54a05, 0x6a883943, 0x62466a66, 0x18821881, 0x18821882, 0x18a12944, 0x18a118a1,
		    0x18821882, 0x20e41882, 0x20e320e3, 0x31651882, 0x108220e3, 0x18821082, 0x520541a5, 0x520651c5, 0x10811881, 0x49e63144, 0x5a25c573, 0x5a055a25, 0x5a0551c4, 0x59e551c4, 0x5a055a05, 0x51c45a05,
		    0x51c45a05, 0x51c451c4, 0x51c451c4, 0x51c45a05, 0x49a449a4, 0x49c449a4, 0x49a449c4, 0x51c449a4, 0x51c451c4, 0x51a45a05, 0x49c449c4, 0x520551c4, 0x39633963, 0x39843964, 0x39643984, 0x39643964,
		    0x51e45a05, 0x6a666205, 0x6a666a66, 0x7ac77ac7, 0x6a657ac7, 0x7ac76a65, 0x7ac77ac7, 0x72a76a65, 0x6a6572a7, 0x7ac77aa7, 0x7aa77aa7, 0x7aa77ac7, 0x7aa77aa7, 0x7aa76a45, 0x7ac77ac7, 0x8b288b28,
		    0x8b287ac6, 0x8b287ac7, 0x8b287ac6, 0x7aa78b28, 0x7aa76a65, 0x8b287ac6, 0x7ac77ac7, 0x93eb72c6, 0x8becc5b2, 0x49e583ed, 0x62463943, 0x624772a7, 0x10821881, 0x10821082, 0x18a120e3, 0x83cd41e6,
		    0x18825aa9, 0x316520e3, 0x20e320e3, 0x316620e3, 0x10821082, 0x18811082, 0x5a055206, 0x49c551c4, 0x31441881, 0x49e562a9, 0xc5b26ac8, 0x5a055a25, 0x51c45a05, 0x59c45a05, 0x5a055a05, 0x51c45a05,
		    0x5a0551c4, 0x51c451c4, 0x51c451c4, 0x5a0551c4, 0x49a451c4, 0x49a449a4, 0x49a449c4, 0x49a449a4, 0x51c451c5, 0x5a055a05, 0x49c449c4, 0x49c449c4, 0x396349c4, 0x31433963, 0x39643943, 0x39643964,
		    0x62056a66, 0x62665a05, 0x6a666a66, 0x7ac77266, 0x72c77ac7, 0x6a666a65, 0x7ac77ac7, 0x6a667aa7, 0x72a77aa7, 0x72a76a66, 0x7ac77ac7, 0x7ac77ac7, 0x7ac77ac7, 0x6a6572a7, 0x7ac77ac7, 0x8b287ac7,
		    0x8b287ac7, 0x8b287ac6, 0x7ac68b28, 0x7aa68b28, 0x72667aa7, 0x7ac77aa7, 0x7ac78b28, 0xcdb272c7, 0x62c88bec, 0x49e562a8, 0x624628a0, 0x5a476aa8, 0x10821881, 0x10821082, 0x20e31082, 0xbd945aa9,
		    0x188183ad, 0x28e320e3, 0x20e320e3, 0x108220e3, 0x10821082, 0x18a21082, 0x5a055206, 0x49c551c4, 0x41e620a1, 0x62c862a8, 0x8bec4a05, 0x5a055a05, 0x51c451c4, 0x5a055a05, 0x5a0551c4, 0x51c45a05,
		    0x5a0551c4, 0x51c451c4, 0x51c451c4, 0x51c451c4, 0x49a45a05, 0x49a449a4, 0x49c449a4, 0x49a449a4, 0x51c549a4, 0x5a0551c4, 0x49a449a4, 0x49c449a4, 0x49c449c4, 0x39844184, 0x39843984, 0x39843984,
		    0x6a466205, 0x5a0551c4, 0x6a666a46, 0x72a76a66, 0x72c77ac7, 0x6a666a66, 0x7ac77aa7, 0x6a667aa7, 0x7ac77aa7, 0x6a656a66, 0x7ac77aa7, 0x7aa77ac7, 0x7aa77ac7, 0x6a6572a7, 0x7ac77aa7, 0x7ac77ac7,
		    0x7ac77ac7, 0x7ac68b28, 0x93698b28, 0x82e782e7, 0x7aa682e7, 0x7ac77aa7, 0x8b287ac7, 0x93ec72c7, 0x62c86ae8, 0x394349e5, 0x62476247, 0x20a16247, 0x10821881, 0x10821882, 0x18821082, 0x5aa918a1,
		    0x18a141e6, 0x39853124, 0x20e328e3, 0x20e31882, 0x10821882, 0x18821082, 0x5a055206, 0x49c45a05, 0x5aa83143, 0x8bcc62a8, 0x6ac88bec, 0x5a0551c4, 0x51c45a05, 0x5a0559c4, 0x5a0551c4, 0x5a055a05,
		    0x51c451c4, 0x51c45a05, 0x51c451c4, 0x51c451c4, 0x51c45a05, 0x49a449a4, 0x49a449a4, 0x49a449a4, 0x49a449a4, 0x51c549a4, 0x49a449c4, 0x49a449a4, 0x49c549c4, 0x39644184, 0x39843984, 0x39843984,
		    0x62465a05, 0x51c45a05, 0x6a665a25, 0x6a666a66, 0x7ac772c7, 0x6a667ac7, 0x7ac76a66, 0x7aa77ac7, 0x7ac76a66, 0x6a667ac7, 0x72a76a66, 0x7aa76a66, 0x7aa77aa7, 0x72a772a6, 0x7ac76a66, 0x7ac77ac7,
		    0x7ac77ac7, 0x82e78b48, 0x936982e7, 0x82e782e7, 0x82e782e7, 0x82e77aa6, 0x8b287ac7, 0x93eb72c7, 0x8becc5b3, 0x394362a8, 0x62466246, 0x20815a47, 0x18821882, 0x188220e3, 0x20e31082, 0x18811882,
		    0x29241882, 0x39855aa9, 0x18813985, 0x20e31882, 0x20e320e4, 0x18821082, 0x52063102, 0x51c45a05, 0x41e53143, 0x49e549e5, 0xc5b362c8, 0x5a0551e4, 0x51c45a05, 0x51c451c4, 0x51c45a05, 0x5a055a05,
		    0x51c451c4, 0x51e45a05, 0x51c451c4, 0x49c449c4, 0x5a0549a4, 0x49a449a4, 0x49a449a4, 0x49a449a4, 0x49a449a4, 0x49a449a4, 0x49a449c4, 0x49a449a4, 0x49c449a4, 0x418449c5, 0x39844184, 0x39843984,
		    0x5a0551c4, 0x5a056246, 0x62665a05, 0x6a666a66, 0x72c76a66, 0x6a667ac7, 0x72a76a66, 0x7aa77ac7, 0x6a666a65, 0x6a657ac7, 0x72a76a46, 0x6a4672a7, 0x7aa77aa7, 0x7aa77aa7, 0x7ac76a66, 0x7ac77aa7,
		    0x7ac77ac7, 0x936982e7, 0x82e782e7, 0x8b089369, 0x8b288307, 0x7aa682e7, 0x82e782e7, 0xcdb28b69, 0x62c893ec, 0x394349e5, 0x62466246, 0x18815227, 0x18821882, 0x5a893965, 0x20c31882, 0x20e420e3,
		    0x18821082, 0x31243985, 0x398562a9, 0x316528e3, 0x20e33166, 0x18821882, 0x49c528e2, 0x5a055a05, 0x31633943, 0x62a862a8, 0x8bec4a05, 0x51c451e4, 0x5a055a05, 0x51c451c4, 0x51c45a05, 0x62056205,
		    0x51c45a05, 0x5a0551c4, 0x51c451c4, 0x49c449c4, 0x520549a4, 0x49a449a4, 0x49a449a4, 0x49a449a4, 0x49a449a4, 0x49a449a4, 0x49a449a4, 0x49a441a4, 0x49a449a4, 0x418449c4, 0x39844184, 0x39843984,
		    0x5a0551c4, 0x5a256246, 0x5a0551c4, 0x6a666266, 0x72a76a66, 0x7ac77ac7, 0x6a666a66, 0x72c772a7, 0x6a6572a6, 0x72a772a7, 0x6a466a46, 0x6a6672a7, 0x7aa77aa7, 0x7ac77aa7, 0x728682e7, 0x7ac77aa7,
		    0x7aa67ac7, 0x83078307, 0x82e78b28, 0x8b089b69, 0x8b288b08, 0x7aa68b28, 0x82e782e7, 0x93eb7ae7, 0x4a056ac7, 0x20a149e5, 0x62476246, 0x188220a1, 0x31651882, 0xb5743985, 0x10821882, 0x5a8a20e3,
		    0x31653166, 0x5a8a1882, 0x29043985, 0x20e31882, 0x31663165, 0x20c33166, 0x49c51881, 0x5a055a05, 0x20a149c5, 0x8bcc49e5, 0x6ac88bcc, 0x51c451c4, 0x5a0551c4, 0x51c451c4, 0x5a0551c4, 0x5a0551c4,
		    0x51c45a05, 0x51c451c4, 0x51c45a05, 0x49a449a4, 0x49a449a4, 0x49a451e5, 0x49a449a4, 0x41a449c5, 0x49a449a4, 0x49a449a4, 0x49a449a4, 0x49a449a4, 0x49a449a4, 0x49c549c4, 0x39843984, 0x39643984,
		    0x51c451c4, 0x62465a05, 0x51c45a05, 0x6a666266, 0x6a666a66, 0x7aa77aa7, 0x6a466a46, 0x72a76a65, 0x6a6572c7, 0x72a77266, 0x6a656a65, 0x7aa77ac7, 0x7aa76a65, 0x72867ac7, 0x728682e7, 0x82e77286,
		    0x82e782e7, 0x83077aa6, 0x8b288b28, 0x8b088b07, 0x8b088b08, 0x8b088b28, 0x82e77aa6, 0x940c7b08, 0x8becc5b3, 0x20c149e5, 0x5a476246, 0x108218a2, 0x39851882, 0x5aa962a9, 0x10823165, 0x20e31882,
		    0x31663166, 0x18823965, 0x18821882, 0x316520e3, 0x316620e4, 0x18823165, 0x5a891882, 0x520649c5, 0x20a151e6, 0x62a849e5, 0xc59362c8, 0x51c45a25, 0x51c451c4, 0x51c45a05, 0x5a0551c4, 0x51c45a05,
		    0x5a055a05, 0x51c451c4, 0x51c45a05, 0x41a449a4, 0x49a441a4, 0x49a45205, 0x49c549a4, 0x41a441c5, 0x41a441a4, 0x49a449a4, 0x41a441a4, 0x49a449a4, 0x49a441a4, 0x49c549a4, 0x39843984, 0x39843984,
		    0x51c451c5, 0x62055a05, 0x5a256266, 0x62465a05, 0x6a666246, 0x72a772a7, 0x6a6672a7, 0x72a76a66, 0x7aa77ac7, 0x72a77266, 0x6a6672a7, 0x7aa76a66, 0x72666a65, 0x728682e7, 0x82c782c7, 0x82c77a86,
		    0x830782e7, 0x8b287aa6, 0x8b288b28, 0x8b078b08, 0x8b078b07, 0x8b288b07, 0x83077aa6, 0xcdb37b08, 0x62c862c8, 0x6aa83963, 0x20a16aa8, 0x18821881, 0x83ad3985, 0x39a53143, 0x18823965, 0x18821882,
		    0x526a20e3, 0x39653965, 0x18823165, 0x31663165, 0x28e33165, 0x20e320e3, 0x28e320e3, 0x49c53102, 0x20a051e5, 0x49e53943, 0x62c849e5, 0x51c45a05, 0x51c451c4, 0x51c45a05, 0x51c451e4, 0x51c45a05,
		    0x5a055a05, 0x51c451c4, 0x5a0551c4, 0x49a449a4, 0x49a449a4, 0x49a449a4, 0x49c449a4, 0x41a541a4, 0x41a441a5, 0x41a441a5, 0x41a441a5, 0x49a449a4, 0x41a441a4, 0x49a449a4, 0x418449c5, 0x39843984,
		    0x51c54183, 0x5a0551c4, 0x62256a66, 0x620559c4, 0x6a466246, 0x7ac76a66, 0x6a667aa7, 0x6a666a66, 0x7ac77ac7, 0x72667aa7, 0x72667ac7, 0x72667266, 0x72867ac7, 0x82c782e7, 0x82c77286, 0x7aa682c7,
		    0x8b2882e7, 0x7aa68b28, 0x8b288b28, 0x8b078b28, 0x8b079b69, 0x8b288b07, 0x7aa68b28, 0x93ec72c7, 0x49e562c8, 0x6aa83942, 0x208162a8, 0x18811882, 0x31433944, 0x28e341a5, 0x31653965, 0x29241882,
		    0x20e31882, 0x39865a8a, 0x31655a8a, 0x20c31882, 0x31653165, 0x20e320e3, 0x20e320e3, 0x49c52903, 0x520649c5, 0x62a93143, 0x49e562a8, 0x5a0549c4, 0x51c451c4, 0x5a0551c4, 0x51e451e4, 0x51c451c4,
		    0x5a0551c4, 0x51c451c4, 0x5a0551a4, 0x49a449a4, 0x49a449a4, 0x49a449a4, 0x41a449c4, 0x41a541a4, 0x39843984, 0x41a541a5, 0x41a541a5, 0x41a441a4, 0x41a441a4, 0x49a441a4, 0x49c549c4, 0x39843984,
		    0x49c54184, 0x51c451c5, 0x6a465a05, 0x5a056225, 0x6a666a46, 0x6a666a66, 0x7ac772a7, 0x6a666a66, 0x7ac76a66, 0x72867ac7, 0x7ac77286, 0x72867286, 0x72867ac7, 0x7ac77286, 0x728682e7, 0x7aa682c7,
		    0x8b287aa6, 0x8b288b28, 0x8b288b28, 0x8b288b28, 0x93698b08, 0x8b088b28, 0x83088b28, 0x8bec93eb, 0x49e583cc, 0x62a83943, 0x188118a1, 0x20a21881, 0x18603944, 0x20e31881, 0x5a8a3965, 0x29241882,
		    0x20e31882, 0x5a893965, 0x5a897b8e, 0x18823165, 0x20e320e3, 0x20e33165, 0x20e320e3, 0x49c52902, 0x520551c4, 0x62a93143, 0x8bec83cc, 0x5a056ac8, 0x51c451c4, 0x51c451c4, 0x51e451e4, 0x51c451c4,
		    0x5a0551c4, 0x51c45a05, 0x49a451c4, 0x49a45a05, 0x49a449a4, 0x41a449a4, 0x41a541a4, 0x41a541a4, 0x398441a5, 0x41a53984, 0x41a541a5, 0x41a441a4, 0x41a441a5, 0x49a441a4, 0x49c549a4, 0x39844184,
		    0x41843964, 0x51c449c5, 0x62465a05, 0x51c45a05, 0x6a466205, 0x6a666a66, 0x7ac772a7, 0x6a666a66, 0x7ac77266, 0x82c77286, 0x7ac77286, 0x72667286, 0x82c77286, 0x72867286, 0x7aa67ac7, 0x82e782e7,
		    0x8b287aa6, 0x8b288b28, 0x8b288b28, 0x8b288b28, 0x93698b28, 0x8b288b28, 0x83288b28, 0x8becc592, 0x49e54a05, 0x628920a0, 0x18811882, 0x52271881, 0x18611861, 0x20e31882, 0x5a693166, 0x39851881,
		    0x188139a6, 0x398528e3, 0x39655a89, 0x188220e3, 0x10821882, 0x20e320e3, 0x20e320e3, 0x49e53964, 0x51e551e5, 0x49e620a1, 0x6ac84a05, 0x5a25c592, 0x51c45a05, 0x51c451c4, 0x51c451e4, 0x51e451e4,
		    0x51c451c4, 0x51c45a05, 0x51c451c4, 0x49a45a05, 0x49a449a4, 0x41a541a4, 0x41a441a4, 0x39843984, 0x398441a5, 0x39843984, 0x41a541a5, 0x41a441a4, 0x41a541a5, 0x41a541a5, 0x49a449a4, 0x418449c5,
		    0x39643964, 0x51c549c5, 0x5a0551e4, 0x5a056246, 0x5a0559e4, 0x6a666a66, 0x72a76a66, 0x726672a7, 0x72667266, 0x82e782c7, 0x72a672a6, 0x72a682e7, 0x72867286, 0x72867286, 0x82e87aa6, 0x82e77aa6,
		    0x7aa67aa6, 0x8b288b28, 0x8b288b28, 0x8b288b28, 0x8b088b28, 0x8b289369, 0x83288b28, 0x62c86aa7, 0x41e562a8, 0x18811861, 0x188218a2, 0x18413144, 0x18821861, 0x20e320e3, 0x18815269, 0x62a94185,
		    0x312383ad, 0x20e31881, 0x20e33165, 0x29041882, 0x18821882, 0x188220e4, 0x18821882, 0x49c53965, 0x51e551e5, 0x49e620a0, 0x49e562a8, 0x5a256ac8, 0x59e46225, 0x51e459e4, 0x51e451e4, 0x51c451c4,
		    0x51c451e4, 0x5a0551c4, 0x51c451c4, 0x520549a4, 0x41a449a4, 0x41a541a4, 0x41a541a5, 0x39843964, 0x39643984, 0x39643964, 0x41a53964, 0x41a541a5, 0x41a541a5, 0x41a53984, 0x49a449c5, 0x418349c4,
		    0x39842923, 0x49c54184, 0x51c451c4, 0x62056246, 0x5a055a05, 0x6a666a46, 0x6a656a66, 0x72667ac7, 0x72867266, 0x7aa67ac7, 0x72a682e8, 0x7aa682e7, 0x72867286, 0x72867286, 0x82e77286, 0x7aa67aa6,
		    0x7aa68307, 0x8b288b28, 0x8b288b28, 0x8b288b28, 0x8b288b28, 0x8b289369, 0x83288b28, 0x4a056ac8, 0x188049e5, 0x18811881, 0x18811082, 0x186120c2, 0x20c31882, 0x316620e3, 0x18815a8a, 0x83ad41a5,
		    0x312362c9, 0x18822924, 0x18821882, 0x29242904, 0x18822904, 0x20e33165, 0x28e320e3, 0x49c53985, 0x51e551c5, 0x49e549e5, 0x62a862a8, 0x62468bcc, 0x6a466246, 0x59e46245, 0x51e459e4, 0x51c451c4,
		    0x51e551c4, 0x5a0551c4, 0x51c451c4, 0x49a449c4, 0x41a441a4, 0x41a541a5, 0x398441a5, 0x39843984, 0x39643964, 0x31443144, 0x41a53964, 0x41a541a5, 0x398441a5, 0x39843984, 0x41a44184, 0x49c449a4,
		    0x39642903, 0x41843964, 0x51c451c5, 0x6a465a05, 0x51e45a25, 0x62665a05, 0x6a666a66, 0x7ac77ac7, 0x72867266, 0x72867286, 0x72a682e7, 0x7ae77aa6, 0x72a772a6, 0x7a867a86, 0x72867aa6, 0x7aa67aa6,
		    0x8b288b28, 0x8b288b28, 0x8b288b28, 0x8b288b28, 0x8b288b28, 0x93698b28, 0x9beb8328, 0xc593940c, 0x49e54a05, 0x18a15aa9, 0x20c21881, 0x10611061, 0x10821082, 0x316520e3, 0x18813165, 0x41a54185,
		    0x18a183ad, 0x29243124, 0x29243124, 0x39853124, 0x18822924, 0x31653165, 0x28e320e3, 0x49c53965, 0x51e551c4, 0x20a049e5, 0x49e549e5, 0x62466aa8, 0x6a466246, 0x62466a46, 0x51e46246, 0x51c451e4,
		    0x51c551c4, 0x49c449a4, 0x51e551e5, 0x41a449c4, 0x41a441a5, 0x41a541a5, 0x39643984, 0x39643964, 0x31443144, 0x31443144, 0x39843964, 0x41a54185, 0x39a541a5, 0x39843984, 0x41a441a5, 0x49c449a4,
		    0x29232923, 0x39843964, 0x51c449c5, 0x5a0551c4, 0x5a056266, 0x5a0551c4, 0x6a666a66, 0x7ac77266, 0x72867266, 0x72867286, 0x82e77286, 0x72a672a6, 0x72a772a6, 0x7aa77aa7, 0x7aa67aa6, 0x8b288b28,
		    0x8b288b28, 0x8b288b28, 0x9b899b89, 0x8b288b28, 0x8b288b28, 0x8b288b28, 0xcdb28328, 0x62c8c5b2, 0x4a058bcc, 0x41c683cd, 0x106120c2, 0x10621061, 0x20e31082, 0x18821082, 0x29041882, 0x62a93985,
		    0x18813985, 0x39853124, 0x31232924, 0x41854185, 0x18813985, 0x18821882, 0x39653165, 0x49c541c5, 0x51e551e5, 0x20805a26, 0x49e53163, 0x62465205, 0x6a456245, 0x62456a46, 0x59e46246, 0x51c451e4,
		    0x49a451c4, 0x49c449c4, 0x49c549c4, 0x41a441a4, 0x41a541a5, 0x398441a5, 0x39643984, 0x31443144, 0x31443144, 0x31443144, 0x39843984, 0x39643964, 0x39a53964, 0x39643984, 0x41a43964, 0x49a449c5,
		    0x29232923, 0x39643964, 0x51c54184, 0x5a0551c5, 0x5a056246, 0x5a0551c4, 0x6a666a46, 0x72666a66, 0x72667ac7, 0x72867286, 0x82e77286, 0x72867286, 0x72867286, 0x728672a7, 0x830872a6, 0x8b288b28,
		    0x93288b28, 0x9ba99b89, 0x9b899ba9, 0x8b289b89, 0x8b288b28, 0x8b288b28, 0x72c78328, 0x8bec8bec, 0x49e562c8, 0x28e32903, 0x106120c2, 0x10821882, 0x20e31882, 0x18823165, 0x29042904, 0x18613965,
		    0x18811061, 0x39852924, 0x41853123, 0x62a941a5, 0x398539a5, 0x18821882, 0x28e33165, 0x49c541a5, 0x624651e4, 0x39435a26, 0x62c849e5, 0xcd92c593, 0x72a772a7, 0x6a456a45, 0x62456a46, 0x51e459e4,
		    0x49c451c4, 0x49a449c4, 0x49c449c4, 0x41a541a4, 0x396441a5, 0x39843984, 0x39643984, 0x31443144, 0x31443144, 0x31443144, 0x31443144, 0x39843964, 0x39843964, 0x39643964, 0x41a539a5, 0x41c541a5,
		    0x29232923, 0x39842903, 0x49c54184, 0x51c451c5, 0x62665a05, 0x59e45a05, 0x6a666225, 0x6a666a66, 0x72867ac7, 0x72867286, 0x72867286, 0x72867ac7, 0x72867286, 0x72867286, 0x8b288b28, 0x9b898b28,
		    0x9b899b89, 0x9ba99ba9, 0x9b899ba9, 0x8b289b89, 0x8b288b28, 0x8b289b89, 0x5a048328, 0x62c86ac8, 0x41e649e5, 0x20c218a1, 0x10611061, 0x20e41882, 0x20e320e3, 0x39655a8a, 0x10411882, 0x10411861,
		    0x18811061, 0x39853124, 0x41a54185, 0x41a562a9, 0x18813985, 0x31651882, 0x28e320e3, 0x49c53965, 0x622659e5, 0x49e53943, 0x6ac862a8, 0x6ac78bec, 0x7aa772a6, 0x6a4672a7, 0x6a466a45, 0x59e46245,
		    0x49c451c4, 0x49c449c4, 0x49c449c4, 0x41a541a5, 0x41a541a5, 0x398441a5, 0x39643984, 0x31443964, 0x31443144, 0x31443144, 0x31433144, 0x31443143, 0x31443964, 0x39643143, 0x39a53964, 0x41a541a5,
		    0x29232923, 0x29232923, 0x39843964, 0x51c449c5, 0x624651c4, 0x62256225, 0x6a666225, 0x6a666a66, 0x72867286, 0x72667266, 0x72867286, 0x72867286, 0x7aa67286, 0x8b287aa6, 0x9b898b28, 0x9b899b89,
		    0x8b289b89, 0x8b288b28, 0x9b899b89, 0x8b288b28, 0x9b898b28, 0x8b289ba9, 0x83288b28, 0x62a949e5, 0x290241e6, 0x106120c2, 0x18821061, 0x18821882, 0x20e31082, 0x20e420e3, 0x10613165, 0x18611861,
		    0x10611061, 0x31242924, 0x62a94185, 0x62a96ac9, 0x18823985, 0x20e33965, 0x20e320e3, 0x49a53965, 0x62466226, 0x49e53943, 0x8bec62a8, 0xcdb28bec, 0x7aa772a7, 0x72a77aa7, 0x6a456a45, 0x59e46245,
		    0x49c451e4, 0x49c449c4, 0x41a449c5, 0x41a541a5, 0x41a541a5, 0x41a541a4, 0x41a541a4, 0x39643984, 0x31443964, 0x31443144, 0x31443144, 0x31443144, 0x31443144, 0x31443144, 0x39843964, 0x41a53984,
		    0x29232923, 0x29232923, 0x39843984, 0x49c44184, 0x622551c4, 0x62256a66, 0x622559e4, 0x6a666a66, 0x72867286, 0x72867266, 0x72867286, 0x7aa67286, 0x8b288308, 0x8b288b28, 0x9ba99b89, 0x9b899ba9,
		    0x8b288b28, 0x8b288b28, 0x8b288b28, 0x8b288b28, 0x9b899b89, 0x9b899ba9, 0x83098b28, 0x49e628c0, 0x18a141c6, 0x10611881, 0x18821082, 0x20e320e3, 0x108220e3, 0x316520e3, 0x18611061, 0x20c220c2,
		    0x10611861, 0x29241882, 0x6ac941a5, 0x83ac8bcc, 0x28e31881, 0x28e35aaa, 0x20e320e3, 0x39843965, 0x62466246, 0x49e549e5, 0x83cc49e5, 0x6ac762c8, 0x7aa772a7, 0x7aa77aa7, 0x6a4572a7, 0x62466a46,
		    0x51c451e4, 0x49c451c4, 0x41a449c4, 0x41a541a5, 0x49c541a4, 0x49c449c5, 0x41a449c5, 0x398441a5, 0x39643984, 0x31443144, 0x31443144, 0x31443144, 0x31443144, 0x31443144, 0x39843964, 0x41a53984,
		    0x29233184, 0x29232923, 0x39842923, 0x49c54184, 0x51c451c4, 0x62256225, 0x59e46225, 0x72666225, 0x72867286, 0x72867286, 0x72867286, 0x8b288307, 0x8b288b08, 0x9b898b28, 0x9ba99ba9, 0x8b289b89,
		    0x8b288b28, 0x8b288b28, 0x8b288b28, 0x8b288b28, 0x9b899b8a, 0x9ba99ba9, 0x7b098b28, 0x28e372ea, 0x398541c6, 0x10411882, 0x20e31082, 0x316520e3, 0x20e33166, 0x10611882, 0x20a21861, 0x28c228c2,
		    0x106120c2, 0x18a21882, 0x8bcd62a9, 0x8bccc593, 0x28e320a1, 0x39653965, 0x316520e3, 0x31023965, 0x62466246, 0x52274984, 0x5aa920a1, 0x51e549e5, 0x7aa772a7, 0x7aa77aa7, 0x6a457aa7, 0x62466a46,
		    0x51e451e4, 0x51e551c4, 0x49c549c4, 0x41a541a5, 0x49c441a4, 0x49c449c4, 0x49c451e5, 0x41a541a5, 0x39843984, 0x31443964, 0x31443144, 0x31443144, 0x31443144, 0x31443144, 0x39643964, 0x39643964,
		    0x39643984, 0x29232923, 0x39642923, 0x41843964, 0x51c451c5, 0x62256225, 0x59e46225, 0x72666225, 0x72867286, 0x72a67286, 0x83088308, 0x9b898b08, 0x9b898b28, 0x9ba99b89, 0x9ba99ba9, 0x8b289328,
		    0x7aa68b28, 0x7aa67aa6, 0x8b287aa6, 0x8b288b28, 0x9b899328, 0x938a9ba9, 0x41438309, 0x28e320a1, 0x316520e3, 0x188220e3, 0x20e31082, 0x316520e3, 0x31653166, 0x18611041, 0x28c220c2, 0x28c23944,
		    0x20c228c2, 0x18821882, 0x83ac41a5, 0xc59372e9, 0x188162a9, 0x20e328e3, 0x20e320e3, 0x49c52903, 0x62256246, 0x52273902, 0x39851881, 0x6a8720a1, 0x7aa772a7, 0x7aa67aa7, 0x72a77aa7, 0x6a466a45,
		    0x51e46245, 0x51e551e4, 0x49c551e5, 0x41a541a4, 0x51c549c5, 0x51e551c4, 0x51e551e5, 0x41a449c5, 0x396441a5, 0x39843964, 0x39843964, 0x39643984, 0x31443964, 0x31443144, 0x39843144, 0x39843984,
		    0x39843984, 0x29233964, 0x29232903, 0x39843964, 0x51c449c5, 0x622551c4, 0x62256225, 0x6a456225, 0x72867286, 0x72867286, 0x72a67286, 0x8b088307, 0x9b899b89, 0x9ba99b89, 0x9b899ba9, 0x8b288b28,
		    0x7aa67aa6, 0x7aa77aa7, 0x7aa67aa6, 0x8b288b28, 0x9b898b28, 0x8309938a, 0x20a13943, 0x18821881, 0x20e31882, 0x188220c3, 0x10821082, 0x20e320c3, 0x31653166, 0x18611041, 0x414428c2, 0x41434143,
		    0x20a228c2, 0x10821882, 0x41a51881, 0x8bcc83ac, 0x41a56ac9, 0x20e31881, 0x28e320e3, 0x51e549c5, 0x62466246, 0x5a276226, 0x39651881, 0x6aa728a1, 0x7aa772a7, 0x7aa77aa7, 0x7aa77aa7, 0x6a4572a7,
		    0x62456a46, 0x59e459e4, 0x51c551e5, 0x49c541a4, 0x51e549c5, 0x59e451e4, 0x51e46225, 0x49c451c4, 0x41a541a4, 0x39843984, 0x39843984, 0x39843984, 0x39643964, 0x31443964, 0x39843144, 0x39843984,
		    0x39643984, 0x39643964, 0x29232923, 0x39843964, 0x51c54184, 0x51c451c4, 0x62255a05, 0x62456225, 0x72867286, 0x72867286, 0x72867286, 0x83087aa6, 0x9b898b28, 0x9ba99b89, 0x9ba99ba9, 0x8b289b89,
		    0x7aa68b28, 0x7aa67aa7, 0x7aa76a45, 0x8b287aa6, 0x938a8b28, 0x41428309, 0x41c63943, 0x18822924, 0x18821882, 0x10821082, 0x10821082, 0x20e31882, 0x104120c3, 0x28c21861, 0x28c228c2, 0x30c14143,
		    0x20a13944, 0x10821882, 0x18a21082, 0x6ac962a9, 0x62a983ac, 0x188141a5, 0x41a528e3, 0x51e551e5, 0x62466245, 0x28a16246, 0x20813965, 0x72a76a88, 0x7aa77aa7, 0x7aa77aa7, 0x7aa77aa7, 0x6a457aa7,
		    0x6a466a45, 0x59e46245, 0x51c551e4, 0x49c549c5, 0x51e549c5, 0x624659e5, 0x59e46246, 0x49c451e4, 0x41a449c4, 0x39843984, 0x41a53984, 0x41a441a4, 0x39843984, 0x39843984, 0x39843984, 0x39843964,
		    0x39643964, 0x396441a5, 0x29232923, 0x39642923, 0x49c53984, 0x51c449c4, 0x62255a05, 0x62456225, 0x72866a45, 0x72867286, 0x72866a45, 0x7aa67286, 0x8b288b28, 0x9b898b28, 0x9ba99ba9, 0x8b289b89,
		    0x7aa68b28, 0x6a4572a7, 0x7aa77aa6, 0x8b287aa6, 0x8b8a9389, 0x39434163, 0x10813143, 0x108139a6, 0x18811881, 0x10821882, 0x10821082, 0x18821082, 0x18611061, 0x39443944, 0x186028c2, 0x28c228c2,
		    0x41a528c2, 0x10821882, 0x18821082, 0x62a918a1, 0x6ac941a5, 0x41a56aa9, 0x62a920a1, 0x51e549a4, 0x624659e4, 0x5a266246, 0x28a14184, 0x7aa76a87, 0x7aa77aa7, 0x7aa77aa7, 0x7aa77aa7, 0x7aa77aa7,
		    0x6a466a45, 0x59e46246, 0x51c451e4, 0x49c549c5, 0x51c449c5, 0x59e451e4, 0x62456246, 0x51e451e4, 0x41a449c4, 0x41a541a4, 0x41a441a4, 0x41a449c4, 0x41a541a4, 0x39643984, 0x39843984, 0x41a53964,
		    0x49c549c5, 0x39643964, 0x29233964, 0x29232923, 0x41843964, 0x51c449c5, 0x622551c4, 0x62256225, 0x6a456225, 0x72867286, 0x6a257286, 0x72867286, 0x8b287aa6, 0x8b288b28, 0x9b899b89, 0x8b288b28,
		    0x7aa68b28, 0x6a457aa7, 0x7aa67aa7, 0x8b288b28, 0x93eb8328, 0x3143c593, 0x10611881, 0x18811081, 0x6b0a20a1, 0x10821881, 0x10821082, 0x10611082, 0x20c21061, 0x28c228c2, 0x10611860, 0x18601861,
		    0x41a51860, 0x10821882, 0x10821082, 0x39851882, 0x6ac983ad, 0x8bac6ac9, 0x6aa96ac9, 0x49a46aa9, 0x624651e4, 0x49846226, 0x6a884984, 0x7aa772a7, 0x7aa77aa7, 0x7aa77aa7, 0x7aa77aa7, 0x72a77aa7,
		    0x6a466a46, 0x62466246, 0x51c451e4, 0x418449c5, 0x49c549c5, 0x51e451c4, 0x59e451e4, 0x59e46245, 0x49c451e4, 0x49a449c4, 0x51e549c4, 0x49c449c4, 0x41a449c4, 0x39844184, 0x39843984, 0x41a541a5,
		    0x49c549c5, 0x39843984, 0x39643964, 0x29232923, 0x39643964, 0x49c54184, 0x5a0551c4, 0x62056205, 0x62256225, 0x72667266, 0x6a457286, 0x72866a45, 0x7aa67aa6, 0x8b288b28, 0x8b288b28, 0x8b288b28,
		    0x7aa67aa6, 0x6a456a45, 0x8b287aa6, 0x83488328, 0xc5b29c0b, 0x41e58bec, 0x10811881, 0x18811061, 0x730a2080, 0x188120a1, 0x10821082, 0x10611082, 0x18611061, 0x18601860, 0x10611861, 0x18611861,
		    0x41a51860, 0x10821881, 0x10821082, 0x18821082, 0x83ad62a9, 0x6ac98bac, 0x8bac6ac8, 0x49a46ac9, 0x624551e5, 0x62466246, 0x72a77287, 0x7aa77aa7, 0x72a77aa7, 0x6a456a45, 0x72a76a45, 0x6a457287,
		    0x6a466a45, 0x62266a46, 0x51c451e4, 0x418449c5, 0x49c549c5, 0x51c449c5, 0x59e451e4, 0x62466246, 0x59e46246, 0x51e551e5, 0x51e451e4, 0x51c451e4, 0x49c449c4, 0x41a441a4, 0x41a441a4, 0x49c541a4,
		    0x49c549c5, 0x41c549c5, 0x29233964, 0x29232903, 0x39642923, 0x49c53984, 0x51c451c4, 0x62056205, 0x62256225, 0x72866a45, 0x6a457286, 0x72867286, 0x7aa67aa6, 0x8b288b28, 0x8b288b28, 0x8b288b28,
		    0x7aa67aa7, 0x72a66a45, 0x8b287ac6, 0xd5b28328, 0x8beccdb2, 0x314362c8, 0x29441881, 0x18802944, 0x7b097b09, 0x20a172e9, 0x10821882, 0x18821882, 0x20c22924, 0x394420c2, 0x18611861, 0x18611861,
		    0x41a51860, 0x10821882, 0x10821082, 0x18821882, 0x41a520a1, 0x8bac62a9, 0x8bac8bcc, 0x6ac86ac9, 0x51e451e5, 0x6a466226, 0x7aa772a7, 0x7aa77aa7, 0x6a4572a7, 0x6a466a46, 0x6a456a45, 0x6a456a45,
		    0x6a466a46, 0x59e46226, 0x49c551e5, 0x396449c5, 0x49c53964, 0x49c549c5, 0x59e451e4, 0x622659e4, 0x62466246, 0x62466226, 0x62466246, 0x51e559e5, 0x49c451e5, 0x49c549c5, 0x49c449c5, 0x49c449c4,
		    0x49c549c5, 0x398449c5, 0x29233964, 0x29232923, 0x39642903, 0x39643984, 0x51c449c4, 0x62256205, 0x62256225, 0x72866a45, 0x72867286, 0x7aa77286, 0x7aa67aa7, 0x9b898b28, 0x8b288b28, 0x7aa68b28,
		    0x7aa77aa7, 0x7aa77aa7, 0x8b288b28, 0x940b8348, 0x8becc5b2, 0x188041e5, 0x5aa93164, 0x394341e6, 0x83288309, 0x6aa88329, 0x18821860, 0x18811882, 0x41853123, 0x28c228c2, 0x28c23943, 0x186028c2,
		    0x41a51860, 0x188141a6, 0x10821082, 0x31661882, 0x28e328e3, 0x62a92081, 0x6ac88bac, 0x6ac88bac, 0x51e572c8, 0x6a466225, 0x72a76a45, 0x72a772a7, 0x6a456a45, 0x62466a46, 0x59e46246, 0x624559e4,
		    0x6a466a46, 0x51e46245, 0x49c551c4, 0x39644184, 0x39643964, 0x49c54184, 0x51e451c4, 0x59e451e4, 0x62466246, 0x62466246, 0x62466246, 0x51e46246, 0x51e551e5, 0x51e551e5, 0x51e551e5, 0x49c449c4,
		    0x49c549c5, 0x396449c5, 0x29232923, 0x29232923, 0x39643964, 0x41843984, 0x51e451c5, 0x62256225, 0x62456225, 0x72866a45, 0x7aa67286, 0x7aa77aa7, 0x8b287aa6, 0x9b8a8b28, 0x8b289b89, 0x8b288b28,
		    0x7aa77aa6, 0x7aa67aa7, 0x8b488b28, 0x940ccdb2, 0x62a88bec, 0x10803143, 0x41e63143, 0x20803144, 0x8b088329, 0x6aa77ac7, 0x18821860, 0x29241881, 0x6ac941a5, 0x41854185, 0x394428c1, 0x28c23944,
		    0x18601860, 0x188141a5, 0x20e31882, 0x5a8a3986, 0x20e33965, 0x39851881, 0x8bac62a9, 0x6ac88bac, 0x51e56ac8, 0x624659e4, 0x6a456245, 0x6a456a45, 0x62466a45, 0x59e46245, 0x51e451e4, 0x5a0451e4,
		    0x62466a46, 0x51e46245, 0x49c551c5, 0x39843964, 0x39843984, 0x39643984, 0x51e449c5, 0x51e451e4, 0x51e451e4, 0x624659e4, 0x51e46246, 0x51e551e5, 0x418449c5, 0x49c54184, 0x51e549c4, 0x51c451e5,
		    0x49c549c5, 0x39643984, 0x29232923, 0x39843964, 0x39843984, 0x49c54184, 0x51e449c4, 0x6a466246, 0x62456245, 0x72a77286, 0x7aa67aa6, 0x8b288b28, 0x8b288b28, 0x9b899328, 0x8b289b89, 0x8b288b28,
		    0x7aa67aa6, 0x8b287aa6, 0x83488b28, 0xc5b3940b, 0x41e562c8, 0x10811061, 0x83cd1880, 0x208041e5, 0x7ac78329, 0x6a8872a7, 0x18811860, 0x41a53124, 0xc5736ac9, 0x6aa96aa9, 0x20c24185, 0x28c23944,
		    0x28c13943, 0x188141a5, 0x20e31882, 0x5a8a5a89, 0x18823165, 0x18821882, 0x6aa941a5, 0x8bac6ac9, 0x51c56ac8, 0x624659e5, 0x6a466a46, 0x6a466a46, 0x6a466245, 0x51e459e4, 0x51c451c4, 0x51e451c4,
		    0x624559e4, 0x51e459e4, 0x49c549c5, 0x39643984, 0x39643964, 0x39843984, 0x49c549c5, 0x51e551c4, 0x51c451e5, 0x51e551c4, 0x49c451e5, 0x398449c5, 0x29233984, 0x39643123, 0x51e54184, 0x51e451e5,
		    0x398441c5, 0x29233984, 0x39843984, 0x39843984, 0x49c53984, 0x49c549c5, 0x62465a05, 0x6a466246, 0x72866a45, 0x7aa77286, 0x8b287aa6, 0x8b288b28, 0x9ba98b28, 0x9b899b89, 0x9b899b89, 0x8b289b89,
		    0x7aa67aa6, 0x8b288b28, 0x93eb8328, 0x62a78bec, 0x314341e5, 0x29431881, 0xbd9418a0, 0x394249e5, 0x7ac78329, 0x206072a7, 0x18811881, 0x6aa93123, 0x6ac98bac, 0x62a9c574, 0x18811881, 0x28c21881,
		    0x394328c1, 0x188141a5, 0x20e31882, 0x5a893985, 0x31655a8a, 0x18821882, 0x41a53985, 0x8bac6ac9, 0x6aa86ac9, 0x59e451e4, 0x6a466246, 0x62466245, 0x59e46246, 0x51c451e4, 0x49c449c5, 0x51e449c4,
		    0x624559e4, 0x51c459e4, 0x418449c4, 0x29033964, 0x29032903, 0x39643964, 0x49c53984, 0x49c449c5, 0x49c549c5, 0x49c549c5, 0x418449c5, 0x39843984, 0x18a12923, 0x292318a1, 0x41833964, 0x59e451e4,
		    0x39643964, 0x39843984, 0x49c53964, 0x49c549c5, 0x49c549c5, 0x59e559e5, 0x62466226, 0x6a466a46, 0x6a456a46, 0x7aa672a6, 0x8b288b28, 0x9b898b28, 0x9ba99b89, 0x9ba99ba9, 0x9ba99ba9, 0x8b289b89,
		    0x7aa68b28, 0x8b288b28, 0x8bec8328, 0x314362a8, 0x18813143, 0x314341c6, 0xc59320c0, 0x7b094163, 0x7ac77ac7, 0x20606aa7, 0x29241881, 0x83ad3124, 0x8bac6ac9, 0x188262a9, 0x18821882, 0x188118a2,
		    0x20c21881, 0x208141a5, 0x20e31882, 0x39653965, 0x5a8a5a8a, 0x18823165, 0x418518a2, 0x6ac96aa9, 0x6ac86ac9, 0x59e451e5, 0x624559e4, 0x62266226, 0x51e459e4, 0x49c451e5, 0x39633984, 0x51e449c4,
		    0x624659e4, 0x51e46246, 0x396449c5, 0x29232923, 0x292318a1, 0x39642923, 0x41c53964, 0x398441c5, 0x39643964, 0x39643964, 0x39843964, 0x18a12923, 0x10a118c1, 0x292318a1, 0x49c53984, 0x51e451e5,
		    0x39843984, 0x49c53964, 0x49c549c5, 0x49c549c5, 0x5a0551c5, 0x622659e5, 0x6a466a46, 0x6a456a46, 0x7aa77aa7, 0x8b287aa6, 0x9b898b28, 0x9b899b8a, 0x9b899b89, 0x9b899b89, 0x9b899b89, 0x9b899b89,
		    0x8b288b28, 0x83298b28, 0x62a893ec, 0x18803143, 0x41e61881, 0x39633143, 0x8becc5b3, 0x83294162, 0x72a77ac7, 0x20606a87, 0x31241881, 0x6ac941a5, 0x62a98bac, 0x18821881, 0x10821082, 0x18811082,
		    0x20c21881, 0x41a549c5, 0x20e31882, 0x5a8a28e4, 0x31653966, 0x18823165, 0x39851881, 0x6aa96aa9, 0x6ac88bac, 0x51e451c4, 0x59e459e4, 0x59e459e4, 0x51e459e4, 0x49c551c5, 0x39843984, 0x51e449c4,
		    0x62466246, 0x51e46245, 0x418449c4, 0x18a13123, 0x18a118a1, 0x29232923, 0x39843984, 0x39843964, 0x29232923, 0x39642923, 0x29233964, 0x18a118a1, 0x108118a1, 0x29232923, 0x49c53964, 0x51e551c4,
		    0x39843984, 0x49c549c5, 0x49c549c5, 0x51e551c5, 0x5a0559e5, 0x6a466226, 0x6a466a46, 0x7aa772a7, 0x8b287aa7, 0x8b288b28, 0x8b288b28, 0x8b288b28, 0x9b898b28, 0x9b8a9b89, 0x9b899baa, 0x9b899b89,
		    0x8b289b89, 0x83298b28, 0x31436aa8, 0x31441881, 0xb5533164, 0x20a03943, 0x52048bec, 0x8b287b08, 0x72a78308, 0x20606aa8, 0x29241881, 0x62a941a5, 0x20a16aa9, 0x10821882, 0x18821882, 0x18811882,
		    0x41a51881, 0x41a528e2, 0x20e31882, 0x39663165, 0x18823165, 0x18821882, 0x39851882, 0x6aa941a5, 0x8bac6ac9, 0x51e451c4, 0x59e451e4, 0x59e451e4, 0x51e559e4, 0x418449c5, 0x49c53984, 0x59e451c5,
		    0x72a76a46, 0x62456a45, 0x49c551e5, 0x29233984, 0x18a118a1, 0x290318a1, 0x29232923, 0x18a12923, 0x18a118a1, 0x29232923, 0x29232923, 0x18a12903, 0x18a118a1, 0x39642923, 0x49c54184, 0x51e551c5,
		    0x49c53984, 0x49c549c5, 0x51e551c5, 0x59e551e5, 0x62466226, 0x6a466a46, 0x72a76a46, 0x83287aa7, 0x7aa78b28, 0x7aa67aa6, 0x7aa67aa6, 0x7aa67aa6, 0x8b288b28, 0x8b288b28, 0x9b8a8b28, 0x9b89a3a9,
		    0x8b289b89, 0x6aa88329, 0x18803943, 0x41e641c6, 0x28a03143, 0x7b297b09, 0x416293cc, 0x8b288328, 0x83088b08, 0x20816aa8, 0x31241881, 0x41a541a5, 0x62a962a9, 0x18821881, 0x62aa18a2, 0x18823985,
		    0x41c520c2, 0x41a549c5, 0x20e31882, 0x316520e3, 0x316520e3, 0x20e320e3, 0x39851882, 0x6aa962a9, 0x8bac6ac9, 0x51c449c4, 0x51e451e5, 0x51e451e4, 0x49c551e5, 0x418449c5, 0x49c54184, 0x622659e5,
		    0x72a76a45, 0x62466a45, 0x49c551e4, 0x29233984, 0x18a118a1, 0x18a118a1, 0x18a118a1, 0x18a118a1, 0x18a118c1, 0x18c118a1, 0x31642923, 0x29232923, 0x29232923, 0x39843984, 0x49c549c5, 0x51e451c4,
		    0x49c549c5, 0x51c551c5, 0x59e551e5, 0x62465a05, 0x62466246, 0x62266a46, 0x62466226, 0x72a672a7, 0x6a4572a7, 0x6a456a45, 0x72a672a6, 0x7aa77aa7, 0x7aa67aa6, 0x8b288b08, 0x8b288b28, 0x9b899b89,
		    0x83288b28, 0x49e56ac8, 0x62a93963, 0x314341e6, 0x7b092080, 0x8b298329, 0x83288328, 0x8b088b28, 0x83298b28, 0x208128c1, 0x39852923, 0x41a541a5, 0x62a941a5, 0x18a21881, 0x83ad62a9, 0x18811861,
		    0x41a51881, 0x49c549c5, 0x18821881, 0x31661882, 0x5a8a3166, 0x20e33165, 0x18821882, 0x41a562a9, 0x6ac88bac, 0x49c549c5, 0x51c549c5, 0x51c551c5, 0x49c549c5, 0x39643984, 0x51e549c5, 0x6a466246,
		    0x7aa772a7, 0x59e46a45, 0x49c551c4, 0x29233964, 0x18a118a1, 0x18a118a1, 0x18a118a1, 0x18a118a1, 0x18a118a1, 0x292318a1, 0x39642923, 0x39843984, 0x39843984, 0x49c53984, 0x51c449c5, 0x51e451e4,
		    0x51c551c5, 0x59e559e6, 0x59e559e5, 0x62466226, 0x62466a46, 0x5a056226, 0x62465a05, 0x6a456a45, 0x6a456a45, 0x6a466a46, 0x6a456245, 0x72a76a45, 0x7aa772a6, 0x7aa67aa7, 0x8b288b28, 0x8b289b89,
		    0x7b088b28, 0x39636aa8, 0x49e562a8, 0x20803943, 0x72a76aa7, 0x8b287aa6, 0x8b288b28, 0x8b288b28, 0x83098b28, 0x188128c1, 0x39a52923, 0x41a562a9, 0x41a541a5, 0x39a55aa9, 0x62a941a5, 0x18611861,
		    0x41c51881, 0x49c549c5, 0x188141a5, 0x526a1882, 0x31663166, 0x20e33165, 0x18821082, 0x41a562a9, 0x83ac6ac9, 0x41844184, 0x49c549c5, 0x49c549c5, 0x398449c5, 0x39643984, 0x51e449c5, 0x62456246,
		    0x7aa77aa7, 0x59e46a45, 0x49c551c4, 0x29233964, 0x18a12903, 0x18a118a1, 0x18a118a1, 0x18a118a1, 0x18a118a1, 0x29232923, 0x39642923, 0x398441c5, 0x41843984, 0x49c549c4, 0x51e451e4, 0x59e459e4,
		    0x51e551c5, 0x59e559e5, 0x59e559e5, 0x62466226, 0x62266246, 0x59e55a05, 0x5a055a05, 0x6a456245, 0x6a466a46, 0x62466226, 0x62266246, 0x6a456a46, 0x6a456a45, 0x7aa76a45, 0x8b287aa6, 0x8b288b28,
		    0x6aa87b08, 0x396349e5, 0x416362a8, 0x72a76aa7, 0x72a772a7, 0x8b287aa6, 0x8b288b28, 0x8b288b28, 0x38e08308, 0x18811860, 0x62a93123, 0x6aa983ad, 0x62a941a4, 0x41a541a5, 0x39853985, 0x18611861,
		    0x49c520a1, 0x49c549c5, 0x188241a5, 0x20e31882, 0x5a8a5a8a, 0x18823165, 0x18821082, 0x418539a5, 0x6aa96ac9, 0x39843964, 0x49c54184, 0x49c549c5, 0x39643984, 0x39843984, 0x51e449c5, 0x6a466246,
		    0x7aa77aa7, 0x624572a7, 0x49c551e4, 0x396449c5, 0x18a12903, 0x18a118a1, 0x18a118a1, 0x18a118a1, 0x292318a1, 0x31232923, 0x39643984, 0x49c549c5, 0x49c449c4, 0x51e451e4, 0x59e459e4, 0x59e45a04,
		    0x59e559e5, 0x59e559e5, 0x59e559e5, 0x622659e5, 0x59e56226, 0x59e559e5, 0x622659e5, 0x62456246, 0x62466246, 0x5a0559e5, 0x5a055a05, 0x62266246, 0x6a456a46, 0x6a456a45, 0x7aa67aa6, 0x83298b28,
		    0x49e56aa8, 0x62a83963, 0x6aa74163, 0x6a4572a7, 0x6a456a45, 0x7aa67aa7, 0x8b288b28, 0x8b288b28, 0x7b098328, 0x18611860, 0x18603985, 0x8bac83ad, 0x83ad6ac9, 0x186041a5, 0x10611860, 0x18611861,
		    0x49c528c2, 0x49c549c5, 0x18821881, 0x10821082, 0x316520e3, 0x10821082, 0x10821082, 0x41a51861, 0x6aa96aa9, 0x39844184, 0x39643964, 0x39643964, 0x39843984, 0x39843984, 0x49c449c5, 0x622651e4,
		    0x72a76a45, 0x6a467aa7, 0x49c551e4, 0x398449c5, 0x18a12923, 0x18a11081, 0x18a118a1, 0x292318a1, 0x29232923, 0x39643984, 0x49c54184, 0x51e551c5, 0x51e451e5, 0x59e451e4, 0x6a466246, 0x59e46246,
		    0x59e559e5, 0x59e55a06, 0x59e559e5, 0x59e559e5, 0x59e559e5, 0x59e559e5, 0x622659e5, 0x62466226, 0x5a056226, 0x59e559e5, 0x59e559e5, 0x59e559e5, 0x6a466226, 0x6a456a46, 0x72a76a45, 0x6aa872a7,
		    0x396349e5, 0x416362a8, 0x72a76aa7, 0x6a456a46, 0x6a456a45, 0x7aa67aa7, 0x8b288b28, 0x8b289b89, 0x7ae98328, 0x18611860, 0x18611861, 0x6aa9838c, 0x398541c5, 0x10611060, 0x10611061, 0x18611861,
		    0x28c128c2, 0x41a549c5, 0x10821882, 0x10821082, 0x10821082, 0x10821082, 0x18821882, 0x39851061, 0x62a941a5, 0x396449c5, 0x39843984, 0x39843964, 0x29033964, 0x39842903, 0x49c53984, 0x51e551c5,
		    0x62456245, 0x59e46245, 0x49c551e5, 0x396449c5, 0x18a12923, 0x18a11081, 0x18a118c1, 0x29232923, 0x39642903, 0x41843964, 0x51c549c5, 0x51e451e5, 0x59e459e4, 0x62456246, 0x6a466a46, 0x62466245,
		    0x59e559e5, 0x59e559e5, 0x59e559e5, 0x59e559e5, 0x51e559e5, 0x59e559e5, 0x59e559e5, 0x62466226, 0x59e55a05, 0x59e559e5, 0x51e559e5, 0x5a0559e5, 0x62465a05, 0x6a466a46, 0x62466a45, 0x6aa86aa7,
		    0x62a83943, 0x6a873943, 0x6a4572a7, 0x6a456a45, 0x72a76a45, 0x7aa67aa6, 0x9b898b28, 0x8b289b89, 0x30c08328, 0x18411860, 0x18611061, 0x418528c2, 0x18614185, 0x10611061, 0x10611061, 0x20c21861,
		    0x28c220c2, 0x188141a5, 0x10821882, 0x10821082, 0x10821082, 0x10821082, 0x10611082, 0x18603985, 0x62a94185, 0x398449c5, 0x39843984, 0x29233964, 0x29232923, 0x39642903, 0x39843984, 0x49c449c5,
		    0x51e451e4, 0x51e551e4, 0x49c549c4, 0x29233984, 0x18a12923, 0x18a11081, 0x292318a1, 0x39642923, 0x41843964, 0x49c549c5, 0x51e551c5, 0x59e451e4, 0x624559e4, 0x6a456245, 0x6a4672a7, 0x6a466a46,
		    0x51e551c5, 0x59e559e5, 0x59e559e5, 0x51e559e6, 0x49c549c5, 0x59e551e5, 0x59e559e5, 0x59e559e5, 0x51e559e5, 0x49c551e5, 0x49c549c5, 0x5a0551e5, 0x62265a05, 0x62466246, 0x62466246, 0x314362a8,
		    0x39433143, 0x72a74143, 0x6a456245, 0x6a456a45, 0x7aa77aa7, 0x8b287aa7, 0x9b898b28, 0x8b288b28, 0x30c18309, 0x10611860, 0x18611061, 0x418520c2, 0x10611861, 0x10611061, 0x10611061, 0x20c21041,
		    0x20c220c2, 0x18811881, 0x10821082, 0x10821082, 0x10821082, 0x10821082, 0x10411082, 0x39851861, 0x39851861, 0x418449c5, 0x39643964, 0x29232923, 0x29232923, 0x29232923, 0x39643984, 0x49c54184,
		    0x49c549c5, 0x49c549c5, 0x398449c5, 0x29232923, 0x18a118a1, 0x18a118a1, 0x29232923, 0x39843964, 0x49c549c5, 0x51e451e5, 0x59e451e4, 0x624659e4, 0x6a456a45, 0x7aa77aa7, 0x6a4572a7, 0x6a466a46,
		    0x49c549c5, 0x51e551e5, 0x51e559e5, 0x49c551c5, 0x49c549c5, 0x51e551c5, 0x59e559e5, 0x59e559e5, 0x51c551e5, 0x49c549c5, 0x49c549c5, 0x5a0551c5, 0x5a0559e5, 0x62466226, 0x8bcc6246, 0x31433963,
		    0x39636288, 0x6a466a87, 0x6a456a45, 0x7aa772a7, 0x7aa67aa7, 0x8b287aa6, 0x8b289b89, 0x8b288b28, 0x28c172a7, 0x10611860, 0x18611061, 0x28c228c2, 0x10611861, 0x10611061, 0x10611061, 0x20c21861,
		    0x20c220c2, 0x10821881, 0x10821082, 0x10821082, 0x10821082, 0x18821082, 0x10611082, 0x18611861, 0x18601861, 0x396441a5, 0x29233964, 0x29232923, 0x18a12923, 0x29232923, 0x39843964, 0x39843964,
		    0x39843984, 0x39643964, 0x39643964, 0x18a12923, 0x108118a1, 0x18a118a1, 0x29232923, 0x49c53984, 0x51e549c5, 0x59e459e4, 0x62456246, 0x6a456a46, 0x7aa772a7, 0x7aa77aa7, 0x72a77aa7, 0x6a466a46,
		    0x49c549c5, 0x51c549c5, 0x49c551c5, 0x49c549c5, 0x49c549c5, 0x51e549c5, 0x59e559e5, 0x51e559e6, 0x49c549c5, 0x49c549c5, 0x49c549c5, 0x5a0551c5, 0x59e559e5, 0x62466a46, 0x62a88bcc, 0x62a83963,
		    0x6aa74163, 0x6a4572a7, 0x72a66a45, 0x7aa77aa7, 0x7aa67aa6, 0x8b288b28, 0x8b288b28, 0x83088b28, 0x28c172a7, 0x10611860, 0x20c21861, 0x28c13944, 0x18821881, 0x10611061, 0x10611061, 0x20c21861,
		    0x20c220c2, 0x10821882, 0x10821082, 0x10821082, 0x10821082, 0x10821882, 0x10611041, 0x10411061, 0x20c21861, 0x39843984, 0x29233964, 0x29232923, 0x18a118a1, 0x29232903, 0x39642923, 0x39643984,
		    0x39643984, 0x29232923, 0x29232923, 0x18a118a1, 0x18a118a1, 0x290318a1, 0x39642923, 0x49c53984, 0x51e451c4, 0x624659e4, 0x62456246, 0x72a772a7, 0x7aa77aa7, 0x7aa77aa7, 0x72a77aa7, 0x62466a46,
		    0x49c549c5, 0x49c549c5, 0x49c549c5, 0x416449c5, 0x49c549c5, 0x51e549c5, 0x59e559e5, 0x51c551e5, 0x49c549c5, 0x49c549c5, 0x49c549c5, 0x5a0551c5, 0x62265a05, 0x62466246, 0x39633963, 0x416362a8,
		    0x83287b29, 0x7aa67aa7, 0x7aa67aa7, 0x7aa67aa6, 0x8b287aa6, 0x8b288b28, 0x8b288b28, 0x72a77aa6, 0x28c16a67, 0x10611860, 0x20c21861, 0x396428c2, 0x188220a2, 0x10411882, 0x10611061, 0x20c21041,
		    0x106120c2, 0x10821061, 0x10821082, 0x10821082, 0x18821082, 0x10611882, 0x18611861, 0x10611041, 0x20c21861, 0x39843964, 0x29233964, 0x29232923, 0x18a118a1, 0x18a118a1, 0x29232923, 0x29233964,
		    0x29232923, 0x29232923, 0x18c12923, 0x108118a1, 0x18a118a1, 0x29232903, 0x39843964, 0x49c54184, 0x59e451e4, 0x624659e4, 0x72a76a45, 0x7aa77aa7, 0x7aa77aa7, 0x7aa77aa7, 0x6a457aa7, 0x59e46245,
		    0x49c549c5, 0x49c549c5, 0x49c549c5, 0x41843964, 0x49c549c5, 0x49c549c5, 0x51e551e5, 0x49c549c5, 0x49c549c5, 0x49c54184, 0x49c549c5, 0x5a0551c5, 0x62465a05, 0x6aa86246, 0x62a83963, 0x83094163,
		    0x8b288329, 0x7aa68b28, 0x8b287aa6, 0x8b288b28, 0x8b288b28, 0x8b288b28, 0x7aa68b28, 0x72877aa6, 0x28c16246, 0x10611861, 0x20c21861, 0x394428c2, 0x10821882, 0x10611041, 0x10611061, 0x18611061,
		    0x186120c2, 0x10821061, 0x10821082, 0x10821082, 0x18821082, 0x18611041, 0x41a61860, 0x10611861, 0x20c21861, 0x39643964, 0x29232923, 0x18a12903, 0x18a118a1, 0x18a118a1, 0x29232923, 0x29232903,
		    0x18a12923, 0x18a118a1, 0x18a118a1, 0x18a11081, 0x290318a1, 0x29232923, 0x39843964, 0x49c449c5, 0x59e451e4, 0x6a4659e4, 0x7aa76a46, 0x7aa77aa7, 0x7aa77aa7, 0x7aa77aa7, 0x6a4572a7, 0x59e46245,
		    0x49c549c5, 0x49a549c5, 0x39643964, 0x39843984, 0x49c549a5, 0x49c549c5, 0x49c549c5, 0x49c549c5, 0x398449c5, 0x39643964, 0x49c549c5, 0x51e549c5, 0x5a265a05, 0x4a056aa8, 0x396283cc, 0x7aa772a7,
		    0x8b288b28, 0x8b288b28, 0x9b8a8b28, 0x8b289b89, 0x8b088b28, 0x7aa68b28, 0x7aa67aa6, 0x62467286, 0x18605a26, 0x10411861, 0x18611861, 0x20c228c2, 0x18821882, 0x18821061, 0x10611061, 0x10611061,
		    0x10611861, 0x10821061, 0x10821082, 0x10821082, 0x39a61882, 0x18601861, 0x49a549a5, 0x10611861, 0x20c21061, 0x29233964, 0x29232923, 0x18a118a1, 0x18a118c2, 0x18a118a1, 0x292318a1, 0x18a118a1,
		    0x18a118a1, 0x18a118a1, 0x108118a1, 0x18a11081, 0x292318a1, 0x39842923, 0x39843984, 0x51c449c5, 0x59e451e5, 0x6a456a46, 0x7aa772a7, 0x7aa77aa7, 0x7aa77aa7, 0x72a77aa7, 0x62456a45, 0x59e459e4,
		    0x49c549c5, 0x396449a5, 0x39843984, 0x39843964, 0x49c549c5, 0x49c549c5, 0x49c549c5, 0x49c549c5, 0x39843984, 0x39843984, 0x49c549c5, 0x51e549c5, 0x6aa85205, 0x49e549e5, 0x6aa74163, 0x7aa672a7,
		    0x8b288b28, 0x9b899b89, 0x9b899b89, 0x9b899ba9, 0x7aa68b28, 0x7aa77aa6, 0x72867aa7, 0x62266a46, 0x18611860, 0x18611861, 0x18611861, 0x18611041, 0x18823165, 0x18821061, 0x10611082, 0x10611061,
		    0x10611061, 0x10821061, 0x10821062, 0x10821082, 0x41a520a1, 0x208041a5, 0x49c549c5, 0x18611860, 0x20c21861, 0x29233964, 0x29232923, 0x18a118a1, 0x10a118a1, 0x18a11081, 0x18a118a1, 0x18c218a1,
		    0x108118a1, 0x10811081, 0x18a11081, 0x18a118a1, 0x29232923, 0x39643964, 0x49c53984, 0x51e451c5, 0x59e459e4, 0x6a456a46, 0x7aa772a7, 0x7aa77aa7, 0x7aa77aa7, 0x6a4572a7, 0x59e46245, 0x51e459e4,
		    0x49a549c5, 0x39843964, 0x39643964, 0x39642923, 0x49c53984, 0x49c549c5, 0x49c549c5, 0x396449a5, 0x29233964, 0x39642923, 0x49c549c5, 0x49c549c5, 0x49e549e5, 0x8bcc49e5, 0x72a751e5, 0x8b287aa7,
		    0x9ba98b28, 0x9ba99b89, 0x9ba99ba9, 0x9b899ba9, 0x8b288b28, 0x7aa77aa6, 0x72867aa7, 0x62466a45, 0x10611860, 0x18611861, 0x10611061, 0x10611061, 0x10613165, 0x10821061, 0x10821082, 0x10611061,
		    0x10411061, 0x10821061, 0x10821082, 0x18821082, 0x49c541a5, 0x49c549c5, 0x41a549c5, 0x18601860, 0x18613164, 0x29232923, 0x18c12923, 0x108118a1, 0x108110a1, 0x10811081, 0x18a11081, 0x18a118a1,
		    0x10811081, 0x10811081, 0x18c218a1, 0x290318a1, 0x39642923, 0x39843964, 0x49c549c5, 0x59e451e4, 0x6a466245, 0x6a456a45, 0x7aa76a45, 0x7aa77aa7, 0x6a4572a7, 0x6a456a45, 0x62466a46, 0x59e459e4,
		    0x39843964, 0x39643984, 0x29233964, 0x39842903, 0x41c53984, 0x49c549c5, 0x49a549c5, 0x39644164, 0x29232923, 0x39642923, 0x49c53984, 0x49c549c5, 0x4a0549e5, 0x39628bcc, 0x72a76246, 0x8b287aa7,
		    0x9b898b28, 0x9b899b89, 0x9b899b89, 0x9ba99ba9, 0x8b289b89, 0x7aa78b28, 0x6a4572a6, 0x62466a45, 0x10611860, 0x10611061, 0x10611061, 0x10611061, 0x10612903, 0x10821082, 0x10821082, 0x29032903,
		    0x10611061, 0x10821061, 0x10821082, 0x18821882, 0x41c53964, 0x49c549c5, 0x186049c5, 0x39641860, 0x18603964, 0x29232923, 0x18a118a1, 0x10811081, 0x10811081, 0x10811081, 0x18a21081, 0x108118a1,
		    0x108110a1, 0x10811081, 0x18a118a1, 0x290318a1, 0x39842923, 0x49c53984, 0x51e449c4, 0x624559e4, 0x6a466a46, 0x7aa77aa7, 0x7aa77aa6, 0x7aa77aa7, 0x6a457aa7, 0x6a456a46, 0x6a466a45, 0x6a456a45,
		    0x39843984, 0x39643964, 0x29232923, 0x39642903, 0x39843984, 0x49c549c5, 0x49c549c5, 0x39643964, 0x39642903, 0x39843964, 0x49c549c5, 0x394349c5, 0x62a849e5, 0x624651e5, 0x72a76246, 0x8b287aa7,
		    0x8b288b28, 0x9b899b8a, 0x8b288b28, 0x9b899b89, 0x8b288b28, 0x8b288b28, 0x6a457aa7, 0x62466a46, 0x10611860, 0x10611061, 0x10611061, 0x10611061, 0x18821061, 0x10821882, 0x10821082, 0x29031882,
		    0x10611061, 0x10611061, 0x10821082, 0x31651082, 0x39843964, 0x39843984, 0x18603964, 0x39843964, 0x10603164, 0x29232923, 0x18a118c1, 0x10811081, 0x10811081, 0x10811081, 0x18a118a1, 0x108118a1,
		    0x108110a1, 0x18a11081, 0x18a118a1, 0x292318a1, 0x39643964, 0x49c54184, 0x59e451e5, 0x6a466246, 0x72a76a45, 0x7aa77aa7, 0x7aa77aa7, 0x7aa77aa7, 0x7aa77aa7, 0x6a4572a7, 0x72a76a46, 0x72a772a7,
		    0x39843984, 0x39643964, 0x29232923, 0x29232903, 0x39843964, 0x39843984, 0x39643964, 0x39643984, 0x39843964, 0x49c549c5, 0x49c549c5, 0x49e53943, 0x396383cc, 0x62466246, 0x72a76a46, 0x7aa67aa6,
		    0x8b288b28, 0x8b288b28, 0x8b288b28, 0x8b288b28, 0x8b288b28, 0x8b288b28, 0x6a457aa7, 0x62266a46, 0x186128c2, 0x10611061, 0x10611061, 0x10611061, 0x18811061, 0x10821082, 0x10821082, 0x29231881,
		    0x10611061, 0x10611061, 0x10821082, 0x31641882, 0x39843964, 0x39843984, 0x39643984, 0x39643964, 0x29232923, 0x18a12903, 0x10a118a1, 0x10811081, 0x10a11081, 0x18a11081, 0x18a118a1, 0x10811081,
		    0x10811081, 0x18a118a1, 0x18a118a1, 0x29232923, 0x41843984, 0x49c449c5, 0x59e451e4, 0x6a456246, 0x7aa76a45, 0x7aa77aa7, 0x7aa77aa7, 0x7aa77aa7, 0x7aa77aa7, 0x7aa77aa7, 0x7aa77aa7, 0x7aa77aa7,
		    0x39643964, 0x29232923, 0x29232923, 0x29233123, 0x29232923, 0x29232923, 0x39843984, 0x39843964, 0x49c541c5, 0x49c549c5, 0x49c549c5, 0x83cc3963, 0x520549e5, 0x62265a05, 0x6a456a46, 0x7aa67aa7,
		    0x8b287aa6, 0x8b288b28, 0x7aa68b28, 0x8b087aa6, 0x8b288b28, 0x7aa68b28, 0x6a457aa7, 0x62266246, 0x186128c2, 0x10611861, 0x10611061, 0x10611061, 0x29032903, 0x10821082, 0x10821082, 0x29041882,
		    0x10612904, 0x20a21041, 0x10821082, 0x29232923, 0x39643984, 0x39843984, 0x39843984, 0x29233964, 0x29232923, 0x18a118a1, 0x10811081, 0x10811081, 0x10811081, 0x18a11081, 0x108118a1, 0x10811081,
		    0x10811081, 0x18a118a1, 0x292318a1, 0x39843123, 0x49c53984, 0x51e549c5, 0x624551e4, 0x6a466246, 0x72a77286, 0x7aa77aa7, 0x7aa772a7, 0x7aa77aa7, 0x7aa77aa7, 0x7aa77aa7, 0x7aa77aa7, 0x7aa77aa7,
		    0x29232923, 0x29232923, 0x29232923, 0x29232923, 0x29232923, 0x39853964, 0x39843984, 0x49c54184, 0x49c549c5, 0x49c549c5, 0x394349c5, 0x394362a8, 0x520549c5, 0x59e559e5, 0x6a456246, 0x72a76a45,
		    0x7aa67aa7, 0x8b288b28, 0x7aa67aa6, 0x7aa76a45, 0x8b288b28, 0x7aa77aa6, 0x624672a7, 0x30c16226, 0x186128c2, 0x10611861, 0x10611061, 0x10611061, 0x29032923, 0x10821082, 0x10821082, 0x29041882,
		    0x18812903, 0x20a21861, 0x10821882, 0x29232903, 0x29232923, 0x39643964, 0x39643964, 0x29232923, 0x18c12923, 0x108118a1, 0x10811081, 0x10811081, 0x10811081, 0x10811081, 0x10811081, 0x10811081,
		    0x10811081, 0x18a118a1, 0x29232923, 0x39842923, 0x49c549c5, 0x51e449c5, 0x51e451e4, 0x624659e4, 0x6a456245, 0x6a456a45, 0x72a76a46, 0x7aa77aa7, 0x7aa77aa7, 0x7aa77aa7, 0x7aa67aa7, 0x7aa77aa7,
		    0x29232923, 0x29232923, 0x29232923, 0x39642923, 0x39643964, 0x39643964, 0x49c53984, 0x49c549c5, 0x49c549c5, 0x49c549c5, 0x62a83943, 0x49c53943, 0x51e551c5, 0x5a0559e5, 0x62466226, 0x6a456a46,
		    0x7aa772a7, 0x7aa67aa7, 0x6a4572a7, 0x72a76a45, 0x7aa77aa7, 0x72a77aa7, 0x62266245, 0x28c151e5, 0x20c228c2, 0x10611861, 0x10611061, 0x29031061, 0x29032903, 0x10821082, 0x10821082, 0x18a21082,
		    0x18821882, 0x20c220a2, 0x18821882, 0x29232903, 0x29232923, 0x29032923, 0x29232903, 0x29232923, 0x18c118c1, 0x108118a1, 0x10811081, 0x10811081, 0x10811081, 0x10811081, 0x10811081, 0x10811081,
		    0x10811081, 0x18a118a1, 0x29232923, 0x39842923, 0x49c549c5, 0x49c549c5, 0x49c449c4, 0x51e451e4, 0x624659e4, 0x62466246, 0x62456246, 0x6a456a45, 0x72a772a7, 0x72a67aa7, 0x7aa77aa7, 0x7aa77aa7,
		    0x29232923, 0x29032923, 0x39642923, 0x39643964, 0x49c53984, 0x49c549c5, 0x49c549c5, 0x49c549c5, 0x49c549c5, 0x39433964, 0x49e549e5, 0x49c549c5, 0x59e551e5, 0x59e559e5, 0x622659e5, 0x6a456a46,
		    0x72a76a46, 0x6a457aa7, 0x5a056a46, 0x6a456245, 0x7aa772a7, 0x6a4572a7, 0x5a056246, 0x28c149c5, 0x20c241a5, 0x18611861, 0x10611061, 0x29031061, 0x290320c2, 0x108218a2, 0x18821082, 0x18a210a2,
		    0x10821082, 0x20a21882, 0x29231882, 0x29232923, 0x29232923, 0x29232923, 0x29232923, 0x18a12903, 0x18a118a1, 0x10811081, 0x10811081, 0x10811081, 0x10811081, 0x10811081, 0x10811081, 0x10811081,
		    0x10811081, 0x18a11081, 0x292318a1, 0x39842923, 0x49c53964, 0x49c549c5, 0x41843964, 0x49c549c5, 0x51e451c4, 0x59e559e5, 0x59e451e5, 0x624659e4, 0x6a456245, 0x72a772a7, 0x72a77aa7, 0x7aa772a7,
		    0x29232923, 0x29232923, 0x39843964, 0x49c53964, 0x49c549c5, 0x49c549c5, 0x49c549c5, 0x49c549c5, 0x418449c5, 0x31433984, 0x49c53143, 0x51e549c5, 0x59e559e5, 0x59e559e5, 0x59e559e5, 0x62466226,
		    0x6a466246, 0x62466a46, 0x59e56226, 0x62465a05, 0x6a456a45, 0x62456a45, 0x51c559e5, 0x28c149c5, 0x20c23964, 0x18611861, 0x10611061, 0x10611061, 0x18a22903, 0x18821882, 0x31861082, 0x18a21082,
		    0x10821082, 0x18821062, 0x29031881, 0x29232923, 0x29232923, 0x29232923, 0x18a12923, 0x18a118a1, 0x108118a1, 0x10811081, 0x10811081, 0x10811081, 0x10811081, 0x10811081, 0x10811081, 0x10811081,
		    0x10811081, 0x18a11081, 0x292318a1, 0x29232923, 0x39643964, 0x39843964, 0x39843964, 0x41843964, 0x49c549c5, 0x51c551c5, 0x49c449c4, 0x51e551e5, 0x51e451e4, 0x6a466a46, 0x6a456a45, 0x72a76a45,
		    0x29232923, 0x39642903, 0x39843984, 0x49c549c5, 0x49c549c5, 0x49c549c5, 0x49c549c5, 0x49c549c5, 0x396441a5, 0x31433144, 0x49c549c5, 0x520649c5, 0x59e559e5, 0x5a0559e5, 0x59e559e5, 0x5a0559e5,
		    0x62466226, 0x62266246, 0x59e559e5, 0x5a055a05, 0x6a456a45, 0x5a056245, 0x51c551c4, 0x28c149c5, 0x18603964, 0x10611861, 0x10611061, 0x18a21061, 0x106118a2, 0x18821082, 0x10821082, 0x10821082,
		    0x10821082, 0x10821082, 0x18a21882, 0x18a118a1, 0x29232903, 0x29032923, 0x18a118a1, 0x18a118a1, 0x10811081, 0x10811081, 0x10811081, 0x10811081, 0x10811081, 0x10811081, 0x10811081, 0x10811081,
		    0x10811081, 0x18a11081, 0x18c118a1, 0x29232923, 0x29232923, 0x29232923, 0x29232923, 0x39642923, 0x39643984, 0x39643964, 0x39644184, 0x49c54164, 0x51e549c5, 0x51e451e4, 0x59e451e4, 0x72a76245,
		    0x29232923, 0x39842903, 0x49c53964, 0x49c549c5, 0x49c549c5, 0x49c549c5, 0x49c549c5, 0x398449c5, 0x31433964, 0x314441e6, 0x49c541c5, 0x49c549c5, 0x51e551e5, 0x51e551e5, 0x59e559e5, 0x59e559e5,
		    0x5a0559e5, 0x59e55a05, 0x51c551e5, 0x622659e5, 0x72a76246, 0x62466245, 0x51c46226, 0x28c149c5, 0x18601860, 0x10612903, 0x10611061, 0x18a21061, 0x10611061, 0x10821082, 0x10821082, 0x10821082,
		    0x10821082, 0x10821082, 0x18a218a2, 0x18a118a1, 0x18c118a1, 0x18a118a1, 0x18a118a1, 0x108110a1, 0x10811081, 0x10811081, 0x10811081, 0x10811081, 0x10811081, 0x10811081, 0x10811081, 0x10811081,
		    0x10811081, 0x10a11081, 0x18a118a1, 0x18a118a1, 0x18a118a1, 0x18a118a1, 0x18a118a1, 0x18a118a1, 0x29232923, 0x29232923, 0x29032903, 0x39643123, 0x49c53964, 0x49c449c5, 0x51e549c4, 0x624659e4,
		    0x29232923, 0x39843964, 0x49c53964, 0x49c549a5, 0x49c549c5, 0x49c549c5, 0x49c549c5, 0x396449c5, 0x41c63144, 0x39843144, 0x41c53964, 0x49c549c5, 0x49c549c5, 0x49c549c5, 0x51e551e5, 0x59e659e5,
		    0x51e551e5, 0x51c551e5, 0x51c549c5, 0x622659e5, 0x72a76246, 0x6a4672a7, 0x62266246, 0x49c54163, 0x39643984, 0x18a118a1, 0x10611061, 0x18a21061, 0x18a21061, 0x10821882, 0x10821082, 0x10821082,
		    0x10821082, 0x10821082, 0x18a118a2, 0x18a118a1, 0x18a118a1, 0x108118a1, 0x10811081, 0x10811081, 0x10811081, 0x10811081, 0x10811081, 0x10811081, 0x10811081, 0x10811081, 0x10811081, 0x10811081,
		    0x10811081, 0x108110a1, 0x10811081, 0x10811081, 0x10811081, 0x10811081, 0x10811081, 0x10811081, 0x18811881, 0x18a118a1, 0x18a118a1, 0x20a118a1, 0x396420a1, 0x39643984, 0x49c549c5, 0x624651e5,
		    0x29232923, 0x39843964, 0x49c53964, 0x49c549c5, 0x49c549c5, 0x49c549c5, 0x49c549c5, 0x39643964, 0x188141c6, 0x29232923, 0x39643964, 0x39643964, 0x49c549c5, 0x49c549c5, 0x49c549c5, 0x49a549a5,
		    0x49c549c5, 0x49c549c5, 0x49c549c5, 0x59e549a4, 0x62466246, 0x72876a46, 0x62266246, 0x49a54163, 0x39643964, 0x18a13164, 0x106118a1, 0x10611061, 0x18a21061, 0x108218a2, 0x18821082, 0x10821082,
		    0x10821082, 0x31851882, 0x18a118a2, 0x18a118a1, 0x10a118a1, 0x10811081, 0x10811081, 0x10811081, 0x10811081, 0x10811081, 0x10811081, 0x10811081, 0x10811081, 0x10811081, 0x10811081, 0x10811081,
		    0x10811081, 0x10811081, 0x10811081, 0x10811081, 0x10811081, 0x10811081, 0x10811081, 0x18a11081, 0x21032103, 0x29032903, 0x29232923, 0x29232923, 0x29232923, 0x29232923, 0x41843964, 0x51e549c4,
		    0x29232923, 0x39843964, 0x49c53964, 0x49c549c5, 0x49c549c5, 0x49c549c5, 0x398449c5, 0x31443964, 0x29031881, 0x29232923, 0x29232923, 0x39843964, 0x39643964, 0x39643964, 0x39643964, 0x39643964,
		    0x39643964, 0x49c53984, 0x49c549c5, 0x49c549c5, 0x62265a05, 0x62466246, 0x51c56246, 0x396449c5, 0x31643164, 0x21032103, 0x10612903, 0x10611061, 0x39853164, 0x18813165, 0x39861881, 0x18821882,
		    0x10821082, 0x39851881, 0x21032103, 0x21032103, 0x10812103, 0x10811081, 0x10811081, 0x10811081, 0x10811081, 0x10811081, 0x10811081, 0x10811081, 0x10811081, 0x10811081, 0x10811081, 0x10811081,
		    0x10811081, 0x10811081, 0x210318a1, 0x21032103, 0x108118a1, 0x10811081, 0x10811081, 0x210318a1, 0x21032103, 0x21032103, 0x29032903, 0x21032103, 0x29232903, 0x29232923, 0x39642923, 0x49c53964,
		    0x29232923, 0x39642923, 0x41c53964, 0x49c549c5, 0x49c549c5, 0x49c549c5, 0x39643984, 0x18813144, 0x29232903, 0x29232923, 0x29232923, 0x29232903, 0x29232923, 0x29232923, 0x29232923, 0x29232903,
		    0x29232923, 0x39842923, 0x39643964, 0x41c53984, 0x49c549c5, 0x49c551c5, 0x41a449c5, 0x39853984, 0x21023164, 0x210318a1, 0x10603144, 0x10611061, 0x31643164, 0x18a13985, 0x398618a2, 0x18823986,
		    0x10821082, 0x39851882, 0x21032103, 0x10811081, 0x10811081, 0x10811081, 0x10811081, 0x10811081, 0x10811081, 0x10811081, 0x10811081, 0x10811081, 0x18c11081, 0x18a118a1, 0x18a118a1, 0x18a218a2,
		    0x108118a1, 0x10811081, 0x20e32103, 0x18a120e3, 0x10811081, 0x10811081, 0x210318a1, 0x21032103, 0x21032103, 0x21032103, 0x29032903, 0x20e32103, 0x29032903, 0x29032903, 0x29232923, 0x39643123,
		    0x29232923, 0x39642903, 0x39643964, 0x49c549a5, 0x49c549c5, 0x39644184, 0x39643984, 0x29031881, 0x29232923, 0x31643164, 0x29233164, 0x18a12903, 0x108118a1, 0x10811081, 0x10811081, 0x10811081,
		    0x10a11081, 0x29032103, 0x29032903, 0x39a439a5, 0x39a439a4, 0x39a439a4, 0x398439a4, 0x21033164, 0x18c22102, 0x18a118a1, 0x108120e3, 0x10611061, 0x21032103, 0x188220e3, 0x18823986, 0x18821882,
		    0x10821082, 0x18821082, 0x10811882, 0x10811081, 0x10811081, 0x10811081, 0x10811081, 0x10811081, 0x10811081, 0x10811081, 0x18a118a1, 0x18a118a1, 0x210318a1, 0x21032103, 0x21032103, 0x18a12103,
		    0x10811081, 0x210318a1, 0x18a12103, 0x108118a1, 0x18a11081, 0x21032103, 0x21032103, 0x21032103, 0x31643164, 0x31643164, 0x21032103, 0x21032103, 0x21032103, 0x20e32103, 0x29032103, 0x29232923,
		    0x29232923, 0x29232923, 0x39843964, 0x49c53964, 0x398441c5, 0x39843984, 0x10803964, 0x29232903, 0x29232923, 0x29232923, 0x18a12923, 0x10811081, 0x10811081, 0x10811081, 0x10811081, 0x10811081,
		    0x18a118a1, 0x18a118a1, 0x210318a1, 0x21032903, 0x29022102, 0x29022902, 0x18a118c1, 0x10811881, 0x10811081, 0x10811081, 0x10811081, 0x10611081, 0x10811081, 0x10821081, 0x18821882, 0x39863985,
		    0x18821082, 0x10821082, 0x10811082, 0x10811081, 0x10811081, 0x10811081, 0x10811081, 0x10a11081, 0x18c118c1, 0x210318a1, 0x21032103, 0x21032103, 0x21032103, 0x18a220e3, 0x18a118a1, 0x108118a1,
		    0x18a11081, 0x21032103, 0x21032103, 0x21032103, 0x21032103, 0x31642103, 0x31643164, 0x31643164, 0x31643164, 0x31643164, 0x31643164, 0x21032103, 0x31442103, 0x21033144, 0x21032103, 0x29232903,
		    0x290318a1, 0x29232923, 0x39842923, 0x39843984, 0x39643984, 0x39643964, 0x29232923, 0x31643164, 0x29232923, 0x29032923, 0x10811081, 0x10811081, 0x10811081, 0x18a11081, 0x210318a1, 0x21032103,
		    0x21032903, 0x31642103, 0x31643164, 0x31643164, 0x39a439a4, 0x41e541e6, 0x41e541e6, 0x41e541e5, 0x39a541e5, 0x290339a5, 0x18a118a1, 0x18a218a1, 0x10811081, 0x10821081, 0x39851882, 0x5aaa5aaa,
		    0x10823986, 0x18821082, 0x18823186, 0x108110a2, 0x10811081, 0x10811081, 0x18a11081, 0x210318a1, 0x21032103, 0x21032103, 0x31643164, 0x21032903, 0x18a12103, 0x210318a1, 0x20e32103, 0x18a118a1,
		    0x210318c1, 0x21032103, 0x29032903, 0x31642903, 0x31643164, 0x31643164, 0x31643164, 0x39853164, 0x39a43985, 0x31643164, 0x31643164, 0x31443164, 0x21032103, 0x31642903, 0x31643164, 0x29032903,
		    0x18a11081, 0x29232923, 0x39642923, 0x39843984, 0x39643964, 0x29232923, 0x29232923, 0x29232923, 0x10811081, 0x10a11081, 0x10811081, 0x10811081, 0x18a118a1, 0x21032103, 0x21032103, 0x31642103,
		    0x31643164, 0x39a539a5, 0x31643164, 0x39a43164, 0x41e539a4, 0x41e541e5, 0x39a441e5, 0x41e539a4, 0x41e541e5, 0x39853985, 0x39a539a5, 0x20e318c1, 0x18a218a1, 0x10811081, 0x39851881, 0x18a118a2,
		    0x18821882, 0x10821882, 0x31851882, 0x10811081, 0x10a11081, 0x10811081, 0x210318c1, 0x21032103, 0x31642103, 0x31643164, 0x31643164, 0x31643164, 0x21032103, 0x31442103, 0x21033144, 0x21032103,
		    0x21032103, 0x31643164, 0x39853164, 0x39a539a5, 0x31643164, 0x31643164, 0x31643164, 0x39853985, 0x39a439a4, 0x39853985, 0x31643164, 0x29033164, 0x31642103, 0x31643164, 0x31643164, 0x31643164,
		    0x10a11081, 0x292318a1, 0x29232923, 0x39643964, 0x29233984, 0x31642923, 0x18a12903, 0x108118a1, 0x10a110a1, 0x18a11081, 0x210318c1, 0x21032103, 0x21032103, 0x31642103, 0x31643164, 0x31643164,
		    0x39a439a4, 0x39a439a5, 0x39a539a5, 0x41e639a5, 0x41e541e5, 0x39a441e5, 0x41e539a4, 0x41e541e5, 0x39a439a4, 0x398539a5, 0x316439a4, 0x18a139a5, 0x18a12102, 0x10811081, 0x18821082, 0x39853985,
		    0x39853985, 0x10a21081, 0x10a210a2, 0x10811081, 0x10811081, 0x210318a1, 0x21032103, 0x39a43164, 0x39a439a5, 0x39a439a5, 0x39a439a4, 0x316439a5, 0x31643164, 0x31643164, 0x316431a5, 0x31643164,
		    0x31643164, 0x39853164, 0x41e641e5, 0x39a441e5, 0x316439a5, 0x31643164, 0x31643164, 0x31643164, 0x39a439a4, 0x39a439a4, 0x39a539a4, 0x31643164, 0x31643164, 0x31643164, 0x29033164, 0x21032103,
		    0x108110a1, 0x292318a1, 0x29232923, 0x29232903, 0x29232923, 0x29232923, 0x108118a1, 0x18a11081, 0x21032103, 0x21032103, 0x21032103, 0x31643164, 0x31643164, 0x31643164, 0x39a53164, 0x316439a5,
		    0x31643164, 0x39a539a5, 0x316439a5, 0x39a43164, 0x39a439a4, 0x398439a5, 0x39a439a4, 0x39a539a5, 0x316439a4, 0x39a53164, 0x31643164, 0x21032103, 0x21032103, 0x108118a1, 0x10821082, 0x39851882,
		    0x39855a89, 0x10811881, 0x10811081, 0x10811081, 0x18c118a1, 0x210320e3, 0x31853164, 0x41e539a5, 0x526741e5, 0x41e55288, 0x39a541c5, 0x39a539a5, 0x31643985, 0x21033164, 0x21032103, 0x31442103,
		    0x41e539a5, 0x39a441e6, 0x39a539a4, 0x39a439a4, 0x39a439a4, 0x39a539a4, 0x39a439a4, 0x39853985, 0x39a439a4, 0x39a539a4, 0x316439a4, 0x31643164, 0x31643164, 0x31643164, 0x31443164, 0x21033144,
		    0x10811081, 0x290318a1, 0x29232923, 0x29032923, 0x21032903, 0x21032903, 0x21032103, 0x21032103, 0x31642103, 0x31643164, 0x31643164, 0x31643164, 0x31643164, 0x31643164, 0x31643164, 0x31643164,
		    0x31643164, 0x31643164, 0x31643164, 0x31643164, 0x31643164, 0x39a43164, 0x316439a4, 0x31643164, 0x39a53985, 0x316439a5, 0x21023164, 0x39852903, 0x398541c6, 0x21032103, 0x10821081, 0x18821082,
		    0x5aa939a5, 0x10811081, 0x18a11081, 0x210318a1, 0x21032103, 0x31442103, 0x31643164, 0x39a439a5, 0x39a539a4, 0x39a539a4, 0x31643164, 0x29033164, 0x21032103, 0x108118a1, 0x18a118a1, 0x18a11081,
		    0x210318a1, 0x39a53164, 0x39a439a4, 0x39853985, 0x39a539a4, 0x526741e5, 0x41e541e5, 0x39a439a5, 0x39a439a4, 0x316439a5, 0x29033164, 0x31642903, 0x31643164, 0x21032103, 0x21032103, 0x21032103,
		    0x10811081, 0x18a118a1, 0x29232923, 0x29232923, 0x21032903, 0x21032103, 0x21032103, 0x31643164, 0x31643164, 0x31643164, 0x31643164, 0x31643164, 0x31643164, 0x31643164, 0x21032103, 0x21032103,
		    0x21032103, 0x31643144, 0x31643164, 0x31643164, 0x39a53164, 0x398539a5, 0x39853985, 0x39a539a5, 0x31643985, 0x31643164, 0x31443164, 0x21033164, 0x21032103, 0x21032103, 0x10812103, 0x10811082,
		    0x10811081, 0x108118a1, 0x18a11081, 0x18a118a1, 0x210218c1, 0x21032103, 0x31642102, 0x31643164, 0x31643164, 0x31643164, 0x21032102, 0x20e32903, 0x18c118a1, 0x108118a1, 0x10811081, 0x18a118a1,
		    0x31642103, 0x31643164, 0x31643164, 0x31643164, 0x39a439a5, 0x39a439a4, 0x39a439a4, 0x398539a4, 0x31643164, 0x31443164, 0x31643164, 0x21033164, 0x21032102, 0x21032103, 0x21032102, 0x21032103,
		    0x10a11081, 0x18c21081, 0x18a118c1, 0x29032903, 0x29032923, 0x21032103, 0x21032103, 0x31642103, 0x31643164, 0x31643164, 0x31643164, 0x31643164, 0x31643164, 0x21032903, 0x18a12103, 0x18a118c1,
		    0x210318a1, 0x21032103, 0x31643164, 0x31643164, 0x31643144, 0x31643164, 0x31643164, 0x31643164, 0x31643164, 0x31643164, 0x21033164, 0x18a12103, 0x18a118a1, 0x18a118a1, 0x18a218a1, 0x18a218a2,
		    0x18a118a1, 0x18a118a1, 0x108118a1, 0x10811081, 0x18a118a1, 0x210318a1, 0x21032103, 0x21032103, 0x21032103, 0x21032103, 0x21032103, 0x18a118a1, 0x10811081, 0x10811081, 0x10811081, 0x210318a1,
		    0x21032103, 0x31643144, 0x31643164, 0x31643164, 0x31643164, 0x31643164, 0x31643164, 0x31643164, 0x31643164, 0x20e33164, 0x20e32103, 0x21032103, 0x21032103, 0x21032103, 0x18a12103, 0x18a118a1,
		    0x10811081, 0x18a11081, 0x18a118c1, 0x18a118a1, 0x29232923, 0x21032903, 0x21032103, 0x21032103, 0x21032103, 0x31643164, 0x21023164, 0x21032103, 0x21032103, 0x18a12903, 0x18a118a1, 0x18c118c1,
		    0x18a118a1, 0x210318a1, 0x21032103, 0x21032103, 0x21032103, 0x21032103, 0x21032103, 0x20e32103, 0x21032103, 0x21032903, 0x18a120e3, 0x18a118a1, 0x18a118a1, 0x18a118a1, 0x18a118a1, 0x18a118a1,
		    0x18a118a1, 0x18a118a1, 0x18a118a1, 0x18a118a1, 0x10a118c2, 0x210318a1, 0x21032103, 0x21032103, 0x21032103, 0x21032103, 0x21032103, 0x18a12103, 0x18a118a1, 0x10811081, 0x10811081, 0x18a118a1,
		    0x21032103, 0x21032103, 0x31642903, 0x31643164, 0x31643164, 0x31643164, 0x31643164, 0x29032903, 0x210320e3, 0x21032103, 0x21032103, 0x21032103, 0x18a12103, 0x18a118a1, 0x18a118a1, 0x10c110c1
};

const tImage Image = { image_data_Image, 128, 128,
    32 };



//image 2 goes here :)


//const tImage Image1 = { image_data_Image1, 128, 128,
//	32 };
